website,logo,favicon
www.verizon.com,https://www.verizon.com/dam/vzwcom/gnav/global/verizonlogo.svg,
www.bing.com,,/sa/simg/favicon-2x.ico
www.facebook.com,,https://static.xx.fbcdn.net/rsrc.php/yz/r/kfyviawzntm.ico
www.t-mobile.com,,/favicon.ico
www.surveymonkey.com,https://prod.smassets.net/assets/cms/cc/app/2.107.0/images/logo-surveymonkey.svg,https://cdn.smassets.net/assets/cms/cc/app/static/favicon.ico
www.ask.com,,
www.shopify.com,,https://cdn.shopify.com/shopify-marketing_assets/static/shopify-favicon.png
?src=spr&rdpage=,,/favicon.ico
www.directv.com, /idpassets/sales/landingpages/directvhomepage/planselectlogos/nickelodeon.png,
www.xfinity.com,https://polaris.xfinity.com/images/svgs/xfinity_logo.svg,//cdn.comcast.com/learn/-/media/common/favicon/apple-touch-icon.png
www.constantcontact.com,https://images.ctfassets.net/t21gix3kzulv/78gf1s3cjprnl9rurf6q8w/3c20fb510dd4d4653feddf86ece35e1a/ctct_ripple_logo_horizontal_white_orange.svg,https://images.ctfassets.net/t21gix3kzulv/19utszt4mxesh0oenlmjzf/997ceddb0a55a4f815ad5b1a4836ca67/ctct_ripple_logo_icon_blue_orange_100x100.svg
www.aol.com,https://s.yimg.com/cv/apiv2/default/20190830/aol-logo.svg,https://s.yimg.com/cv/apiv2/aolfp/images/favicon/apple-touch-icon-57x57.png
in.godaddy.com,,//img6.wsimg.com/ux/favicon/apple-icon-114x114.png
www.att.com,,
www.zoho.com,,/sites/all/themes/zoho/favicon.ico
www.indeed.com,,/images/favicon.ico
www.webs.com,,/favicon.ico
www.intelius.com,//assets.intelius.com/funnel/assets/themes/clean/img/home/ota-logo.png,//assets.intelius.com/favicon.ico
www.dish.com,/images/nav/dishlogo.svg,/images/favicon.png
www.dotdash.com,,/assets/img/dash/favicon.ico
www.spokeo.com,,https://assets.production.spokeo.com/assets/v10/touch-icon_60-a18fe20bc2a23cf59ad442b48b58541dc71522cbdf0275f1c7133165dcf720a5.png
go.com,"https://lumiere-a.akamaihd.net/v1/images/shopdisney-logo-desktop_1f595224.jpeg?region=0,0,1536,300",https://static-mh.content.disney.io/matterhorn/assets/favicon-94e3862e7fb9.ico
www.bizrate.com,,https://s5.cnnx.io/s2static/us/br/e5638fff/local/mobile/css/bizicon.css
info,//localhost:3000:3000/share-sale/wp-content/uploads/2018/07/footer-logos.png,https://www.shareasale.com/info/wp-content/themes/share-sale/favicon.png
www.hubspot.com,,https://www.hubspot.com/hubfs/hubspot_logos/hubspot-inversed-favicon.png
www.swiftic.com,https://static-marketing.swiftic.com/images/site/2021/02/logo-for-website_564x270_black.png,https://static-marketing.swiftic.com/images/site/2017/05/favicon_new.png
en,https://secure.skypeassets.com/content/dam/scom/images/logos/re1mu3b.png,https://secure.skypeassets.com/apollo/2.1.1645/images/icons/favicon.ico
en,,/etc.clientlibs/bbcom/clientlibs/clientlib-etc-legacy/resources/bbcom-aem-project/images/favicon.ico
www.qualcomm.com,,/react/images/favicon.ico
www.peoplefinders.com,/assets/img/people-finders-logo-sm.svg,/assets/img/icons/favicon.ico
www.rackspace.com,/themes/custom/hansel/images/rs-logo-2020tm.svg,https://www.rackspace.com/sites/default/files/2020-12/apple-touch-icon.png
www.box.com,,/themes/custom/box/favicons/apple-touch-icon.png?qoe250
www.hostgator.com,,/static/cs/img/apple-touch-icon.png
us,,/us/arquivos/favicon_0.ico
en_eu,,https://www.zagg.com/media/favicon/default/zagg_favicon_200px_707070_01_7su_icon.ico
en,https://www.reachlocal.com/sites/default/files/logo-white.png,https://www.reachlocal.com/sites/all/themes/reachlocal_pluto/favicon.ico
www.centurylink.com,/assets/images/page-components/qwest_logo.png,/favicon.ico
www.metrobyt-mobile.com,//cdn.tmobile.com/content/dam/t-mobile/ntm/branding/logos/metro/metro-d-light.svg,favicon.ico
www.webex.com,/content/dam/wbx/us/images/hp/webexone/cnn-logo-white.png,/etc/designs/wbx/eopi/images/favicon.ico
www.spiceworks.com,,https://3upg5n1ajpdonqkkp34tcif1-wpengine.netdna-ssl.com/wp-content/themes/spiceworksfavicon.ico
www.verticalresponse.com,https://www.verticalresponse.com/sites/all/themes/bootstrap/vrlogotag.2c.svg,/sites/all/themes/bootstrap/favicon.ico
en-xl,,
home.html,https://webcdn3.cox.com/content/dam/cox/common/images/straightup-2020/square-logo.png,//webcdn2.cox.com/ui/presentation/tsw/faviconrebrand.ico
&internal=true&bc=sm,/content/dam/sfdc-docs/www/logos/logo-salesforce.svg,https://www.salesforce.com/etc/designs/sfdc-www/en_us/favicon.ico
www.alot.com,,/assets/img/alot/favicon.ico
www.ning.com,//cdn.ning.com/wp-content/themes/ning/assets/img/ui/logo_b.png,https://www.ning.com/wp-content/uploads/2018/03/cropped-n_flavicon-32x32.png
www.otterbox.com,,/on/demandware.static/sites-otterbox_us_v2-site/-/default/dw12335dbd/images/favicon.ico
?redirect=cnvr,https://us.epsilon.com/hubfs/us%20epsilon/logos/eps_logo_cropped.png,https://us.epsilon.com/hubfs/epsilon_april2017/images/epsilon_fav_icon.ico
www.bigcommerce.com,,/assets/fonts/bc-icons.woff
www.icontact.com,https://www.icontactimg.com/static/img/logo-white-131x32.fv1bacb06.png,https://www.icontactimg.com/static/img/icons/apple-icon-60x60.fv7cd3061.png
www.formstack.com,https://assets-global.website-files.com/5ebb0930dd82631397ddca92/5f0ce06d83f430659aef8bd6_element-formstack-dark-logo.svg,
www.baidu.com,//www.baidu.com/img/bd_logo1.png,
www.sulekha.com,//sulcdn.azureedge.net/content/images/sulekha-logo.png,//sulcdn.azureedge.net/content/images/business/favicon.ico
www.univision.com,/_next/static/images/logo-univision-color.49f6b4c4450cea582fa78cbc00dee7d8.svg,/_next/static/images/favicon.4a971960147df31af4e9f00a246af551.ico
yandex.ru,,//yastatic.net/iconostasis/_/8lfathldzmsezz-5xaqg9itwzge.png
www.mylife.com,,
www.nokia.com,,/themes/custom/onenokia_base_theme/icons/apple-touch-icon.png
www.vonage.com,"/cdn-cgi/image/fit=scale-down,width=500,f=auto,onerror=redirect/content/dam/vonage/us-en/resources/customer-logos/ronlight_for-2up_500x500.png",/etc.clientlibs/vonage/clientlibs/clientlib-base/resources/favicon.ico
virginmobile-welcome,,/content/dam/boostmobile/en/icons/favicon.ico
www.jawbone.com,,https://images.squarespace-cdn.com/content/v1/5c86c2f47eb88c1bb558b38e/1552336939908-0nafkorzfqh7fjmm4j7e/ke17zwdgbtoddi8pdm48kiwiyh2v1fopkfdosc7fevvzw-zppgdn4juwvcje1zvwhcwhetwjxoshnda9f1qd7rb66vc8y5umdkesc3gpgyvpztfan6oplsrdbrzdx-ke3haao58pz7qqk-wvwhcdmq/favicon.ico?format=100w
www.paltalk.com,,/favicon.ico
www.sharefile.com,,/etc/designs/sharefile/icon-favicon.png
www.ringcentral.com,,/content/dam/rc-www/en_us/images/favicon/favicon.ico
en,https://www.avaya.com/static/avaya/assets/images/avaya-logo-vertical-white.png,https://www.avaya.com/static/avaya/assets/images/favicon.png
www.8x8.com,,/favicon-32x32.png?v=34d63ccce2ad2b59d709decf27324b1c
www.rakuten.co.jp,https://r.r10s.jp/com/inc/home/20080930/spt/common/img/rmagazine_logo.png,
mobile,,//www.sony.com/static-assets/images/favicon_144x144.png
www.campusexplorer.com,https://widget.campusexplorer.com/assets/images/campus-explorer-logo.svg,//widget.campusexplorer.com/favicon.ico
?utm_campaign=parked-www.mycricket.com&utm_source=parked-redirect,/uiassets/logo_cricket_green_line_small.png,/uiassets-fonts/glyphicons-halflings-regular.woff
www.business.com,,https://static.business.com/favicon-32x32.png?v=ac016efb4a4a709bd7c8a2801feac81b
sg,/image/fpo/logo_riverbed_orange.svg,https://www.riverbed.com/icon/favicon.ico
www.bluehost.com,,/favicon.ico
www.bluejeans.com,https://www.bluejeans.com/sites/default/files/logos/national-geographic.png,https://www.bluejeans.com/sites/all/themes/bluejeans2018/favicon.ico
int,,https://s.uicdn.com/mailint/9.1628.0/assets/favicon.ico
www.neat.com,https://3938vt31fpm84aufi94co9yh-wpengine.netdna-ssl.com/wp-content/uploads/2019/09/neat-logo-blue-100x31-compressor.png,https://3938vt31fpm84aufi94co9yh-wpengine.netdna-ssl.com/wp-content/uploads/2020/05/cropped-neat_favicon-32x32.png
www.aweber.com,,https://assets.aweber-static.com/www/assets/metadata/apple-touch-icon-72x72-precomposed.db403b53.png
www.ionos.com,https://cu1.uicdn.net/7d5/abcb6399cfff8a905569278386360/frontend-applications-common/vi-logo.svg,/favicon.ico
animoto.com,,/favicon-32x32.png?v=f7bad0df2a4af8688773dca5ee0b1ed6
www.peoplesmart.com,,
webinar,,/-/media/project/global/favicon-webinar.png
www.swagbucks.com,https://app15-cdn2.sbx-cdn.com/content/shared/images/prodege-logo.png?v=20170619,/favicon.svg
www.mimecast.com,/globalassets/global/2019/logo-light-2020.png,/static/v2016/img/favicons/apple-touch-icon-57x57.png
www.boingo.com,http://www.boingo.com/wp-content/themes/boingo-2019/img/boingo_logo.svg,http://www.boingo.com/wp-content/themes/boingo-2019/favicon.ico
www.bmc.com,,/etc/clientlibs/bmc/head/favicon.ico
sproutsocial.com,,https://media.sproutsocial.com/uploads/favicon_2015-07-29.ico
www1.sugarsync.com,/assets/img/logo-adfca65fa4.svg,/assets/img/favicons/apple-touch-icon-55dc9a65a0.png
www.naver.com,https://s.pstatic.net/static/newsstand/2020/logo/light/0604/326.png,/favicon.ico?1
www.netfortris.com,,//www.netfortris.com/hubfs/net_fortris_may2017/images/netfortris_favicon.ico
?megapath,/sites/fusionconnect/themes/fusionconnect/images/logos/fusion-logo-header.png,/sites/fusionconnect/themes/fusionconnect/images/ico/favicon.ico
www.hughesnet.com,,/themes/custom/hughes_theme/favicon.ico
www.greatcall.com:443,,/content/css/icons?v=mh-szijh6amtrn1orzymunjgfjrqxcat-yk-vtagp5o1
www.weebly.com,//cdn2.editmysite.com/images/landing-pages/global/logo.svg,
www.efax.com,/sf-images/default-source/pagespeedimage/meganav/efax-logo.png,/favicon.ico
www.globo.com,,https://s2.glbimg.com/rb9oqf6cxwasf1rac3c-lrbiwsi=/16x16/i.s3.glbimg.com/v1/auth_9de6fd454d9849c8bee5b63069fbb074/internal_photos/bs/2021/8/h/duoccjrqo9mhy2lxishq/g-favicon.png
en,,https://www-static.cdn-one.com/images/global/favicon/favicon.ico
www.nextiva.com,/images/home/nextiva-logo.svg,/favicon.ico?v=3.0.0
en,https://www.tradedoubler.com/wp-content/uploads/2018/12/logo-td-248.png,https://www.tradedoubler.com/wp-includes/css/dashicons.min.css?ver=4.9.16
www.marinsoftware.com,https://www.marinsoftware.com/wp-content/themes/marin/images/new/logo.svg,/favicon.ico
en,/etc.clientlibs/poly/clientlibs/clientlib-site/resources/images/poly-logo.svg,
www.semrush.com,https://cdn.semrush.com/static/index/logos/decathlon_logo.867c20390207.svg,https://cdn.semrush.com/__static__/favicon.3cd418d5bb49.ico
owa,,https://ow2.res.office365.com/owalanding/2020.9.21.01/images/favicon.ico?v=4
www.rcn.com,assets/images/rcn-logo.svg,assets/favicon.ico
www.terra.com.br,,//s1.trrsf.com/favicon.ico
www.readytalk.com,https://www.readytalk.com/sites/default/files/header_rt_logo_0.png,https://www.readytalk.com/sites/default/files/favicon.png
www.zinio.com,https://admin-project-assets.ziniopro.com/99/20190516161716-zinio_webtopnavlogo.png,
www.altova.com,,/assets/icons/apple-touch-icon-57x57.png
www.ussearch.com,//assets.ussearch.com/funnel/assets/themes/ussearch/img/home/news-logos.png,//assets.ussearch.com/funnel/assets/shared/favicon.svg
www.3dcart.com,,/favicon.ico
www.name.com,,https://d1hoh05jeo8jse.cloudfront.net/media/favicon/favicon.ico
www.whatcounts.com,https://mk0whatcounts5gas29i.kinstacdn.com/wp-content/uploads/2018/12/whatcounts_primarylogo_osgtagline_2018.jpg,https://mk0whatcounts5gas29i.kinstacdn.com/wp-content/plugins/elementor/assets/lib/eicons/css/elementor-icons.min.css?ver=5.9.1
www.wirefly.com,/sites/wirefly.com/themes/wirefly/images/logo.jpg,https://www.wirefly.com/sites/wirefly.com/files/wirefly.ico
hostway.com,https://hostway.com/wp-content/uploads/new-hostway-logo.png,https://hostway.com/wp-content/themes/hostway2.0/genericons/genericons.css?ver=3.4.1
www.twilio.com:443,,/docs/static/img/favicons/favicon.59fb76201.ico
www.android.com,,/static/images/fav/favicon.ico
teamtreehouse.com,,/assets/favicon.png
www.jimdo.com,/static/5e5570eda00ea5ab64032017046da219/47498/logo-creator.jpg,/icons/apple-touch-icon-57x57.png
login.php,,
act-on.com,https://act-on.com/wp-content/uploads/2020/05/act-on-logo.svg,https://act-on.com/wp-content/uploads/2020/05/cropped-site-icon-32x32.png
www.puretalkusa.com,https://s.weblec.com/ptusa/final/images/logo.svg,/favicon.ico
www.templatemonster.com,,
voiphome.aspx,/images/min/homepage/phonepower_logo.png,
www.prana.com,,/on/demandware.static/sites-prana_us-site/-/default/dwa0052487/images/favicons/favicon-16x16.png
www.headsets.com,,
myverizon,https://www.verizon.com/dam/vzwcom/gnav/global/verizonlogo.svg,
www.comm100.com,/wp-content/uploads/images/logo-comm100.svg,https://www.comm100.com/wp-content/themes/comm100/dist/images/favicon.ico
www.infoblox.com,https://www.infoblox.com/wp-content/themes/divi/images/infoblox-logo.svg,https://www.infoblox.com/wp-content/uploads/cropped-infoblox-logo-favicon-1-32x32.png
home,https://images.ctfassets.net/8utyj17y1gom/36c4cxyzoqy27tliszhxy0/fb2bc13c7e58bb4d665fff96904713f9/rogers-60-year-logo.png,https://www.rogers.com/app/prod/assets/i/favicon.ico
www.namecheap.com,,https://www.namecheap.com/assets/img/nc-icon/favicon.ico
www.houzz.com,//www.houzz.com/res/4378/pic/houzz_logo.svg?v=4378,/favicon/favicon.ico
www.lifesize.com,https://d9v4h7ffge8st.cloudfront.net/en/~/media/images/customer logos/disney-plus-logo.png,/sites/sky/_resources/img/favicon.png
en-ap,/spot/media/logos/spot-logo.svg,/spot/images/favicons/favicon-16.png
us,/themes/custom/proofpoint/dist/app-drupal/assets/logo-reg.svg,/themes/custom/proofpoint/apps/drupal/favicon.ico
www.pgi.com,https://www.pgi.com/wp-content/uploads/2019/12/cropped-logo_pgi_rgb-300x300-50x50.png,https://www.pgi.com/wp-includes/css/dashicons.min.css?ver=5.6
www.2checkout.com,/resources/en/site_pages/2checkout-logo-is-now-verifone.svg,/favicon.ico
www.gazelle.com,,/favicon.ico
www.earthlink.net,https://www.earthlink.net/wp-content/uploads/2017/10/earthlink-logo.png,https://www.earthlink.net/wp-content/themes/uncode/library/css/uncode-icons.css
bitly.com,,https://docrdsfx76ssb.cloudfront.net/static/1613074941/pages/wp-content/uploads/2019/02/favicon.ico
quirky.com,,/wp-content/uploads/fbrfg/apple-touch-icon.png?v=yyqwz633bb
www.tel3.com,/images/tel3-logo-svg.svg,http://www.tel3.com/images/icon.png
index.shtml,/masterto/themes/theme_3_0/css/theme-images/niu-homepage-logo.svg,
mediatemple.net,,/favicon-32x32.png?v=f2258b6281146d027aacb0bcc6c272b5
home,/content/dam/onstar/common/nav/onstar-logo-opt.svg,/etc.clientlibs/onstar/clientlibs/clientlib-site/resources/img/favicon/favicon.ico
www.optimum.com,,https://www.optimum.com/themes/custom/optimum/slice/favicon/apple-touch-icon.png
www.ooma.com,/wp-content/themes/ooma/images/icons/ooma-logo.svg,/favicon/favicon.ico?v=2
www.ipage.com,,/favicon.ico
www.toptenreviews.com,,https://vanilla.futurecdn.net/toptenreviews/247818/apple-touch-icon.png
www.pingdom.com,https://www.pingdom.com/wp-content/uploads/2020/11/trust-radius-logo-e1587675445509-cr-fs8.png,https://www.pingdom.com/wp-content/uploads/2020/12/favicon_small-150x150.png
index.html?_escaped_fragment_=%2fnewhome,,favicon.ico
www.webcrawler.com,,/static/www.webcrawler.com/favicon-32x32.png
one-call-now,https://www.onsolve.com/wp-content/uploads/2020/05/onsolve-logo_460x76.png,https://www.onsolve.com/wp-content/themes/onsolve/images/favicon.png
winegard.com,https://winegard.com/images/winegard-logo.png,
stackexchange.com,,https://cdn.sstatic.net/sites/stackexchange/img/favicon.ico
en-us,,https://www.westuc.com/files/favicon_7.ico
www.stumbleupon.com,images/stumble_logo.svg,images/favicon.ico
neilpatel.com,,https://neilpatel.com/favicon.ico
www.newhaven.edu:443,https://www.newhaven.edu/_resources/images/centennial/cropped-centennial_logo_2c_wht_outline-2.png,https://www.newhaven.edu/_resources/images/favicons/favicon.png
www.livehelpnow.net,,/favicon.ico
mophie,,https://www.zagg.com/media/favicon/default/zagg_favicon_200px_707070_01_7su_icon.ico
ting.com,,https://static.ting.com/static/node/dist/20210212/src/assets/images/apple-touch-icon-180x180.png
app,,https://tinyurl.com/images/icons/favicon-16.png
godish.com,https://godish.com/wp-content/uploads/dish-logo-red-1.png,
case-mate.com,,//cdn.shopify.com/s/files/1/0347/8496/8840/files/cm_favicon_32x32.png?v=1595263887
www.myfax.eu,/sf-images/librariesprovider7/pagespeedimages/myfax-logo.png,
shopping.com,,/images/favicon.ico
www.spigen.com,https://cdn.shopify.com/s/files/1/0808/0067/files/spigen_logo.png?v=1526104779,//cdn.shopify.com/s/files/1/0808/0067/files/favicon-spigen_32x32.png?v=1562969867
www.cellularoutfitter.com,//cdn.shopify.com/s/files/1/2012/3181/t/443/assets/logo.png?v=12362731155711992168,//cdn.shopify.com/s/files/1/2012/3181/files/co_favicon_84d7e170-271e-4029-9579-383e6f343ed4_32x32.png?v=1595008463
en_xp.html?geo=redirect,,/etc/designs/msi/favicon.ico
www.info.com,,/static/info/skun300/favicon-32x32.png
www.today.com,,https://nodeassets.nbcnews.com/cdnassets/projects/ramen/favicon/today/all-other-sizes-png.ico/favicon.ico
www.consolidated.com,/portals/0/skins/cci/img/logo.svg,/portals/0/favicon.ico?ver=2015-09-24-151258-000
griffintechnology.com,//cdn.shopify.com/s/files/1/0053/5114/5572/t/11/assets/new-incipio-logo-white.png?v=4786585396498762320,//cdn.shopify.com/s/files/1/0053/5114/5572/t/11/assets/favicon.png?v=4107236961972650596
cloud,,//1.www.s81c.com/common/fonts/icons-ibm-v12.woff
www.trumpia.com,https://rs.trumpia.com/images/common/logo.png,https://rs.trumpia.com/images/favicon32.png
www.3dissue.com,https://static.3dissue.com/images/logos/logo.png,https://static.3dissue.com/apple-touch-icon-57x57.png
www.justhost.com,/static/img/logo-justhost.png,/favicon.ico
www.inap.com,https://www.inap.com/inap/wp-content/themes/inap/assets/images/global/inap-logo-white.svg,https://www.inap.com/inap/wp-content/themes/inap/assets/images/global/favicon.png
index.html,https://ak.staticimgfarm.com/images/webtooltab/assets/logos/mywaydefault.png,https://ak.staticimgfarm.com/images/vicinio/chrome/spent/images/favicon/mywaydefault.ico
www.acquia.com,/themes/custom/juice/logo.svg,/core/misc/favicon.ico
www.viglink.com,http://2hs1ga4co2vozkshf4prujwp.wpengine.netdna-cdn.com/wp-content/uploads/2019/03/logo-sovrn-formerly-viglink.white_.440.o-e1599668144622.png,http://2hs1ga4co2vozkshf4prujwp.wpengine.netdna-cdn.com/wp-content/uploads/2019/03/favicon.png
www.sakura.ne.jp,/resource/images/header_logo_bgwhite.png,https://www.sakura.ad.jp/resource/favicon/sakura_logo.png
www.inbox.com,,../server/img/favicon-16x16.png
meraki.cisco.com,https://meraki.cisco.com/wp-content/uploads/2020/04/cisco-meraki-logo.png,https://meraki.cisco.com/wp-includes/css/dashicons.min.css?ver=5.4.2
bd,/images/application_wide/general/logo/freeconferencecall-logo.svg,/fcc_favicon.ico
mxtoolbox.com,,/public/favicon/manifest.webmanifest
text,misc/images/logo_170313.png,
www.l3harris.com,/themes/custom/l3harris/components/images/logo-footer.svg,/themes/custom/l3harris/favicon.ico
www.brandbucket.com,,/favicon.ico
www.incredimail.com,,
www.dogpile.com,,/static/info.dogpile.com/favicon-32x32.png
taxna.wolterskluwer.com,https://taxna.wolterskluwer.com/static/version1597871890/frontend/ey/wolterskluwer/en_us/images/sf/logo-min.png,https://taxna.wolterskluwer.com/static/version1597871890/frontend/ey/wolterskluwer/en_us/css/icomoon.css
www.ubreakifix.com:443,https://d1zmiyu61cpipt.cloudfront.net/assets/images/ubif_logo_dark.svg,https://www.ubreakifix.com/apple-touch-icon.png
www.bluetooth.com,https://www.bluetooth.com/wp-content/themes/bluetooth/images/logos/bluetooth-logo-color-black.svg,https://www.bluetooth.com/favicon/apple-touch-icon.png
flippa.com,https://d1zazrti94enmy.cloudfront.net/assets/logo-flippa-c6713c797bb3d8cdcc0aa40b4e3888d7f4253696db55f0cdf1d6fd07bff9dee4.svg,https://d1zazrti94enmy.cloudfront.net/assets/favicon-f44f578dc293f493148a3b1278f515207385eab242b1b488670661b95bd80b0c.ico
www.alchemer.com,https://1utysa49sprc1qb8aw184c71-wpengine.netdna-ssl.com/wp-content/themes/alchemer/public/media/svg/logo-gold-with-tag-footer.svg,https://1utysa49sprc1qb8aw184c71-wpengine.netdna-ssl.com/wp-content/themes/alchemer/public/media/favicon/apple-touch-icon.png
index.html,,favicon.ico
www.ucoz.com,,/favicon1.ico
www.zimbra.com,https://www.zimbra.com/wp-content/uploads/2016/06/zimbra-logo-color-282.png,https://www.zimbra.com/wp-content/uploads/2019/05/zimbra_favicon.png
us,,//fileadmin_git/resources/public/images/favicon.ico
index.jhtml,,
www.cartoys.com,https://www.cartoys.com/media/brands/a/l/alpine-logo.jpg,https://www.cartoys.com/static/frontend/smartwave/porto_child_bopis/en_us/icon-fonts/css/porto-icons-codes.min.css
www.lingo.com,//www.lingo.com/wp-content/uploads/2018/05/lingo-logo.png,https://www.lingo.com/wp-content/themes/jevelin/css/simple-line-icons.css?ver=1.0.0
www.phone.com,https://3macae71618368hq3ytkqe1c-wpengine.netdna-ssl.com/wp-content/uploads/2019/02/phonecom_logo_optimized.png,https://3macae71618368hq3ytkqe1c-wpengine.netdna-ssl.com/wp-content/cache/min/1/wp-content/plugins/elementor/assets/lib/eicons/css/elementor-icons.min-510ba326d18bf982bc26be8812fefb31.css
"0,0.html","//bi.im-g.pl/im/47/b2/e8/z15249991q,logo-publio.jpg",https://static.im-g.pl/img/gazeta.ico
www.solutotlv.com,https://uploads-ssl.webflow.com/571734e409ecd16b4dd3c96f/5f9989d65cb67a1b7bd10c82_logo.svg,https://uploads-ssl.webflow.com/571734e409ecd16b4dd3c96f/5fa188769eef5ac7af4af11d_soluto_favicon.png
www.livedoor.com,https://static.blogos.com/media/img/431417/ref_m.jpg,/img/ie9/favicon.ico
www.tinydeal.com,,
www.benchmarkemail.com,https://www.benchmarkemail.com/wp-content/uploads/2019/09/benchmark-logo.svg,
www.cakemail.com,https://www.cakemail.com/wp-content/themes/cakemail/assets/images/cakelogo_gray.png,https://www.cakemail.com/wp-content/themes/cakemail/assets/dist/images/favicon-16x16.png
www.adblade.com,/images/design/adblade/logo.png,/favicon/adblade.ico
www.backupify.com,/template-img/company-logos/o365.svg,
radaris.com,/img/logo.png,/img/favicons/apple-touch-icon.png
www.vodafone.com,,/favicon/favicon.ico
www.ebizautos.com,https://www.ebizautos.com/wp-content/uploads/2019/10/logo-ebizautos-dark.png,https://www.ebizautos.com/wp-content/uploads/2019/09/favicon-regular.png
www.marchex.com,https://www.marchex.com/wp-content/uploads/2019/01/customer_logo_carrier.png,https://www.marchex.com/wp-content/themes/marchex/images/favicon.png
www.liquidweb.com,https://www.liquidweb.com/wp-content/uploads/2020/04/teamnokidhungry-logo.png.pagespeed.ce.avljb76ehu.png,https://liquidweb-13adf.kxcdn.com/apple-touch-icon.png.pagespeed.ce.7a5ldg5ya7.png
www.liferay.com,,/apple-touch-icon.png
www.brighttalk.com,https://www.brighttalk.com/wp-content/themes/brighttalk-theme/assets/images/brighttalk-logo.svg,
www.scorebig.com,/images/shopper-approved-logo.png,
en.html,/content/dam/digicel/digicel-redesign/markets/jm/footer/digicel-footer-logo.png,
www.consumercellular.com,,https://c2j4f2d2.stackpathcdn.com/assets/favicon.ico
grasshopper.com,,//logmeincdn.azureedge.net/sc-grasshoppermedia/-/media/4ef8f9b63d854f798724c9490683b52b.ico
www.012global.com,,https://www.012global.com/account/slices/favicon.ico
www.test.com,,
www.ciena.com,https://www.ciena.com/includes/prx-logo.svg,https://media.ciena.com/designimages/prx-apple-touch-icon.png?v=ngg3gxeaeo
www.mailjet.com,https://www.mailjet.com//wp-content/uploads/logo-testimonial-happn-2x.png,https://www.mailjet.com/wp-content/themes/mailjet/mailjet/img/favicon_mj.ico
en,/etc.clientlibs/poly/clientlibs/clientlib-site/resources/images/poly-logo.svg,
www.demandbase.com,https://j5u7w17oqpo2qwv3k2m6lfh1-wpengine.netdna-ssl.com/wp-content/uploads/demandbase-navbar-logo.svg,https://j5u7w17oqpo2qwv3k2m6lfh1-wpengine.netdna-ssl.com/wp-content/themes/demandbase/images/meta/favicon.ico
www.thrillist.com,,/static/thrillist-fav.ico
www.solidsignal.com,https://www.solidsignal.com/solid-signal-ssp//images/solid-signal-logo.png,https://www.solidsignal.com/solid-signal-ssp/ssdcustom/img/favicon.ico
www.unitrends.com,https://25ub8m1ps9s12v24gu180svk-wpengine.netdna-ssl.com/wp-content/uploads/customer-logo-nasa.svg,https://25ub8m1ps9s12v24gu180svk-wpengine.netdna-ssl.com/wp-includes/css/dashicons.min.css?ver=5.6.1
localedge.com,/wp-content/themes/wordpress-bootstrap-master/images/logo.png,
www.singtel.com,,/content/dam/singtel/standard/favicon.ico
www.dialmycalls.com,,https://www.dialmycalls.com/wp-content/themes/dialmycalls/assets/images/favicon.ico
discover.hubpages.com,,https://images.saymedia-content.com/.image/mtc2mzk4nzyzndeymty5otax/_favicon-512-1.svg
www.vibe.com,/assets/images/logo/white.svg?164af18a2e43c10788e1,/assets/images/favicon.ico?164af18a2e43c10788e1
en,/svgs/logo.svg,/images/favicon.ico
www.hostmonster.com,,//hostmonster-cdn.com/media/shared/general/_hm/favicon.ico
pm,,
www.chitika.com,,
index.html,https://assets-us-01.kc-usercontent.com:443/909ef09e-14eb-003e-4156-a7dd52f59c28/25740bdb-ea52-4e22-a77e-51b3f8b473e7/kx-logo-hor-color-pos-rgb.png?w=120&h=23,https://www.kentico.com/
www.telstra.com.au,,
www.engadget.com,,https://s.yimg.com/kw/assets/apple-touch-icon-57x57.png
www.sailthru.com,,https://www.sailthru.com/content/themes/sailthru/resources/assets/images/st_favicon.png
index,https://www.esignal.com/publicdocs/images/trade_ideas_logo.jpg,
www.biznessapps.com,https://www.cdnstabletransit.net/frontendwp/wp-content/uploads/2016/02/logo-white.svg,https://www.cdnstabletransit.net/frontendwp/wp-content/uploads/2016/02/favicon.ico
99designs.com,https://99designs-start-assets.imgix.net/images/categories-examples/logo_design_4-d52915b7.jpg?auto=format&ch=width%2cdpr&w=450&h=450&dpr=1,/pinned-tab-icon.svg
index.jhtml,,
cms,https://cms.clickability.com/cmsi/common/logo_login.png,https://media.clickability.com/designimages/favicon.ico
www.listrak.com,https://global-uploads.webflow.com/5d41ae7af656706ceb80e40d/5df156c63da2acada2ec838f_5d41b38ab8b3b43ce2fd3153_listrak%20logo-primary-black.png,
lyris,https://43ff7e2hqnu63667up1gfdjb-wpengine.netdna-ssl.com/wp-content/uploads/logo.lyris_.png,https://43ff7e2hqnu63667up1gfdjb-wpengine.netdna-ssl.com/wp-content/plugins/creativestudio-icomoon-picker/style.min.css?ver=1602512077
www.att.jobs,https://tbcdn.talentbrew.com/company/117/full_v2_0/img/logo/att-logo.svg,https://tbcdn.talentbrew.com/company/117/img/favicon/favicon-6080.ico
www.payloadz.com,/images/logo-new.png,
www.wirelessemporium.com,//cdn.shopify.com/s/files/1/2114/3577/t/45/assets/logo.png?v=187813254679429512,//cdn.shopify.com/s/files/1/2114/3577/t/45/assets/favicon.png?v=523676952075799133
www.wordstream.com,/themes/custom/icecream/logo.svg,/themes/custom/icecream/favicon.ico
www.braze.com,/assets/svg/brand/logo-braze.svg,/assets/favicons/apple-touch-icon.png
workspace-one.html,/etc/clientlibs/vmwaredevapp/clientlib-nav-redesign/images/vm-logo.png,
www.qq.com,//mat1.gtimg.com/pingjs/ext2020/qqindex2018/dist/img/qq_logo_2x.png,//mat1.gtimg.com/www/icon/favicon2.ico
wistia.com,https://images.ctfassets.net/j7pfe8y48ry3/2qbi3yaizilguozy6qyl3l/cfb32201135a5d3fc57c993a80ca9388/series-banner-logo.png,/static/favicon.ico
www.smtp.com,,https://mk0smtpcom90xxikvq5d.kinstacdn.com/wp-content/plugins/elementor/assets/lib/eicons/css/elementor-icons.min.css?ver=5.10.0
home.html,,//webcdn2.cox.com/ui/presentation/tsw/faviconrebrand.ico
mcsv-static,,
www.waze.com,,/webcms/static/images/favicon.ico?cache=f7eb27b
www.modaoperandi.com,,/favicon.png
aptum.com,https://aptum.com/wp-content/uploads/2019/08/aptum-logo-rgb.png,https://aptum.com/wp-content/themes/cogeco-2021/assets/img/favi/apple-touch-icon.png
www.whatsupgold.com,https://d34smkdb128qfi.cloudfront.net/images/librariesprovider2/default-album/logo_spiceworks.png?sfvrsn=e9a8780c_2,/favicons/favicon.ico
dcatalog.com,https://dcatalog.com/wp-content/w3-webp/themes/dcatalog/images/dcatalog-covid-logo_white.pngw3.webp,
www.vtechphones.com,,/themes/icons/apple-touch-icon.png
www.hellodirect.com,https://www.hellodirect.com/scs/img/hdi-logo-for-ns-320x68-retina-updated-02192019.png,https://www.hellodirect.com/scs/extensions/csecommps/hellodirect191/1.0.30/img/favicon.ico
www.virginmedia.com,/etc/designs/onecms/clientlibs/onecms-critical/img/header-vm-logo.sm.png,/content/dam/virginmedia/dotcom/static/favicon.ico
www.airship.com,https://www.airship.com/wp-content/uploads/2020/01/asda-logo.png,https://www.airship.com/wp-content/themes/airship/images/favicon/favicon.ico
www.eztexting.com,/themes/custom/ezlight/logo.svg,/themes/custom/ezlight/favicon.ico
www.americommerce.com,/shared/2020/header-logo-cart.png,/apple-touch-icon.png
www.webnode.com,,https://d1rv23qj5kas56.cloudfront.net/img/favicon/favicon.svg
www.cloudera.com,/content/dam/www/marketing/images/logos/cloudera/cloudera-newco-logo.png,/apps/settings/wcm/designs/www/clientlibs/css/assets/icons/favicon/favicon.ico
www.gmx.com,,https://s.uicdn.com/mailint/9.1628.0/assets/favicon_gmxcom.ico
www.geotrust.com,/assets/images/geotrust_logo.gif,/favicon.ico
www.broadvoice.com,https://www.broadvoice.com/wp-content/uploads/2020/02/logo-1.svg,https://www.broadvoice.com/wp-content/themes/unbound/css/elusive-icons.min.css?ver=1613477592
www.homesandland.com,/images/logos/hnl-header-logo.png,/favicon.ico
www.godatafeed.com,https://uploads-ssl.webflow.com/5c6f0fe189c3683ca571d70a/5c7d61d8ced3c765fce40a4c_gdf%20logo%20-%20new%20blue.svg,https://uploads-ssl.webflow.com/5c6f0fe189c3683ca571d70a/5cb88050b2c69040ada2af20_g%20icon%20-%20new%20blue%20-%2032.png
appsumo.com,https://appsumo2.b-cdn.net/static/images/home/as-appsumo-logo-footer.svg,https://appsumo2.b-cdn.net/static/images/favicon.svg
currently.att.yahoo.com,,https://s.yimg.com/cv/apiv2/partner-portals/att/logo/att_globe_icon.svg
www.equinix.com,/application/themes/eq-gravity-2/img/global/logo-with-equinix.png,/application/images/favicons/favicon-32.png
index.html,/content/dam/nttcom/cmn/img/header/logo@2x.png,
www.speakeasy.net,/assets/themes/fusionconnect/images/logos/fusion-logo-header.png,/assets/themes/fusionconnect/images/ico/favicon.ico
documents,https://cdn.janushenderson.com/gwp/theme/jh-logo-slate.svg,https://www.janushenderson.com/en/row/wp-includes/css/dashicons.min.css
www.citymax.com,/r/wd_host_content/1/templates/149/page2b_2blue_citymax_logo.png,/citymax.ico
www.cio.com,https://alt.idgesg.net/images/furniture/cio/cio-logo-nameplate.svg,https://idge.staticworld.net/cio/favicon.ico
www.example.com,,
home.pl,https://home.pl/img/cms/79e7e74d-a41c-43db-b41b-df1c2924fdc6/logo.svg?version=0,/img/home/base/favicon/manifest.json
www.yammer.com,,
www.so-net.ne.jp,/portal/202003478e3ddc/img/logo-sony.png,https://www.so-net.ne.jp/apple-touch-icon.png
clicksor.com,http://clicksor.com/wp-content/uploads/2017/02/logo-landing2.png,
www.cspire.com,/resources/images/logos/cs-logo-cyan.png,/resources/images/favicon.ico
www.rackspace.com:443,/themes/custom/hansel/images/rs-logo-2020tm.svg,https://www.rackspace.com/sites/default/files/2020-12/apple-touch-icon.png
www.t-online.de,,https://www.t-online.de/apple-touch-icon.png
www.icloud.com,,/system/cloudos2/current/static/apple-touch-icon.png
www.idrive.com,,https://static.idriveonlinebackup.com/source/images/favicon.ico
iweb.com,https://iweb.com/wp-content/themes/gintonic-1.6.5/iweb-logo_en.png,https://iweb.com/wp-content/themes/gintonic-1.6.5/favicon.ico
www.moonfruit.com,/images/main/mf_header_logo_white@2x.png,/images/favicon.ico
marketo-sales-connect,,/themes/the-interwebs/dist/images/favicon.ico?v3
411.ca,,/resources/img/favicons/apple-touch-icon-57x57.png
www.consumer-rankings.com,https://d2eoq4xox7ijpx.cloudfront.net/cdn_asset/117/wp-content/uploads/2014/09/zoosk-logo.png,/images/favicon-new.ico
www.bandwidth.com,https://www.bandwidth.com/wp-content/uploads/microsoft-logo-140x45-1.svg,https://www.bandwidth.com/wp-includes/css/dashicons.min.css?ver=5.6.1
?utm_source=digium_redirect,https://cdn.sangoma.com/wp-content/uploads/sangoma-logo-230x40-1.png,https://cdn.sangoma.com/wp-includes/css/dashicons.min.css?ver=5.5.3
api-management,,/sites/tibco/files/favicon_0.ico
www.imation.com,,
www.sherweb.com,https://images.sherweb.com/images/branding-2019/logo-glassdoor.svg,https://images.sherweb.com/favicon.ico
www.mocospace.com,http://cdn-img.mocospace.com/static/r272437/wap/images/logo.png,http://cdn-img.mocospace.com/favicon.ico
www.carphonewarehouse.com,/content/dam/ews/headerfooter/cpw_logo_rgb.svg,
salesholding.talktalk.co.uk,,
www.discounttwo-wayradio.com,,https://www.discounttwo-wayradio.com/media/favicon/websites/1/dtwrfavicon-180_1.png
www.yahoo.com,,https://s.yimg.com/cv/apiv2/default/icons/favicon_y19_32x32_custom.svg
www.alexa.com,https://try.alexa.com/wp-content/uploads/2017/01/alexa-logo.png,https://try.alexa.com/wp-content/uploads/2017/01/favicon-16x16-5.png
www.nobelcom.com,https://static.nobelcom.com/images/nobelcom/global/nobelcomlogo.png,https://static.nobelcom.com/images/nobelcom/global/nobelcom.ico
www.conductor.com,https://23i62qan03n64z5op2foc7a-wpengine.netdna-ssl.com/wp-content/uploads/2019/08/conductor-logo.svg,https://23i62qan03n64z5op2foc7a-wpengine.netdna-ssl.com/wp-content/themes/theme/dist/images/favicons/apple-touch-icon.png
www.netfirms.com,/static/cs/img/netfirms/logo.svg,/favicon.ico
www.sapo.pt,https://homepagept.web.sapo.io/assets/img/homepage-sapo/logo-01.png,//assets.web.sapo.io/sapologos/touchicon/sapo.pt/touch-icon-180.png
mixpanel.com,https://px6vg4ekvl21gtxs836x5jyx-wpengine.netdna-ssl.com/wp-content/themes/mixpanel/assets/v3/images/logo.svg,https://px6vg4ekvl21gtxs836x5jyx-wpengine.netdna-ssl.com/wp-content/uploads/2020/11/mixpanel_favicon_32x32.png
www.infinitydish.com,https://www.infinitydish.com/wp-content/uploads/2019/10/dishlogo.svg,https://www.infinitydish.com/wp-includes/css/dashicons.min.css?ver=5.6
en,https://cdn.netvibes.com/sites/default/files/partners/logos/nest.png,https://cdn.netvibes.com/sites/default/files/favicon-96x96.png
www.scoutmob.com,https://uploads-ssl.webflow.com/5eeb92902960e234e682fc42/5eeb9f8321ca5b76419d4211_logo-type%403x.png,https://uploads-ssl.webflow.com/img/favicon.ico
unbounce.com,,https://mk0zofoqaluvgdskgvsb.kinstacdn.com/favicon.ico
www.arubanetworks.com,https://www.arubanetworks.com/wp-content/themes/aruba2015/images/aruba-logo-small_136x35.svg,https://www.arubanetworks.com/wp-content/themes/aruba2015/images/favicon/apple-touch-icon.png
www.truphone.com,/globalassets/assets/case-studies/seg-automotive/seg-automotive-logo.png,/content/favicon/apple-touch-icon.png
www.bodyguardz.com,/on/demandware.static/sites-bodyguardz-site/-/default/dw0f9752a9/images/logo.png,/on/demandware.static/sites-bodyguardz-site/-/default/dwb8f7daf3/images/favicon.ico
www.photobiz.com,/content/corporate/photobiz/images/photobiz_minimal_logo.png,/images/favicon.ico
www.sitepoint.com,https://dab1nmslvvntp.cloudfront.net/wp-content/uploads/2019/04/1554944897wiley-logo.svg,/favicon-32x32.png?v=e11847cefe0aa15a5bc8386ead113f61
enterprise.efax.com,/sf-images/default-source/logo/logo.jpg?sfvrsn=a9ee26cb_2,favicon.ico
echonewyork.com,,//cdn.shopify.com/s/files/1/0024/2420/9507/t/88/assets/favicon.png?v=4807210758337114995
www.signupgenius.com,/images/logo-signupgenius-color.svg,
www.digitalriver.com,https://www.digitalriver.com/wp-content/themes/digital-river-2019/assets/images/logo-digitalriver-white.svg,https://fonts.googleapis.com/icon?family=material+icons&ver=5.4.2
www.pinnaclecart.com,/wp-content/themes/pinnacle/images/logo-2018.png,/wp-content/themes/pinnacle/images/favicon.png
nettalkconnect.com,,/resources/nt/images/marketing/smart_banner_android_messaging_icon.png
www.extremenetworks.com,https://extremstaging2.wpengine.com/wp-content/uploads/2020/09/gartner-logo-wht.svg,https://14slph41wbtl2yi39625md6s-wpengine.netdna-ssl.com/wp-content/uploads/2018/06/cropped-extreme_favicon-1-1-32x32.png
www.tripod.lycos.com,https://ly.lygo.net/ly/tpsite/images/tripodlogo.png,https://ly.lygo.net/ly/tpsite/images/favicon.ico
www.inmobi.com,https://i.l.inmobicdn.net/website/website/6.0.1/v6/img/inmobi-logo.svg,/inmobi.ico
artistwebsites.com,/assets/images/logoartistwebsites2010.jpg,
bronto.com,,/a/bronto/ico/favicon.ico
www.cafe24.com,https://www.cafe24.com/wp-content/themes/cafe24/images/layout/logo.svg,https://www.cafe24.com/wp-content/themes/cafe24/images/favicon.ico
www.tradeindia.com,,https://tiimg.tistatic.com/tradeindia.com/2008/images/favicon/favicon.ico
en-us,//azurecomcdn.azureedge.net/cvt-9235851552997da616a75f505fd9c4d8d0ac363b3fee595ee3238bb1d46054c0/images/page/home/ms-ignite-logo.svg,//azurecomcdn.azureedge.net/cvt-9235851552997da616a75f505fd9c4d8d0ac363b3fee595ee3238bb1d46054c0/images/icon/favicon.ico
flippingbook.com,https://d1qwl4ymp6qhug.cloudfront.net/release/r143/icons/common/logo-full-white.svg,https://d1qwl4ymp6qhug.cloudfront.net/release/r143/fonts/fb-icons.woff
woocommerce.com,https://woocommerce.com/wp-content/themes/woo/images/logo-woocommerce.svg,https://woocommerce.com/wp-content/uploads/2020/06/cropped-favicon_512.png?w=32
www.sina.com.cn,//n.sinaimg.cn/default/c0883aa7/20200629/footer_logo11.png,//www.sina.com.cn/favicon.svg
bestcovery,https://cdn.bestcovery.ca-times-dam.psdops.com/dims4/default/beea024/2147483647/strip/true/crop/1000x277+0+0/resize/433x120!/quality/90/?url=http%3a%2f%2fbestcovery-brightspot.s3.amazonaws.com%2f97%2f96%2f5fd40beb48059a3edeff4d92eed5%2fbestcovery-logo-powered-by-lat.png,/styleguide/assets/apple-touch-icon.png
www.ezetop.com,,/-v201006.10.0.9-/content/images/ezetop/favicon.ico
the-high-calling,/images/thc_logo.png,/favicon.ico
it.altervista.org,,/images/favicon/apple-touch-icon-57x57.png
www.allconnect.com,,https://www.allconnect.com/wp-content/uploads/2019/09/cropped-allconnect-logo-favicon-312x312.png
www.vidyo.com,/wp-content/uploads/sites/3/2016/08/logo-white.png,https://cdn.vidyo.com/wp-includes/css/dashicons.min.css?ver=5.4.4
www.trendhunter.com,https://cdn.trendhunterstatic.com/logos/createthefuture.png,https://cdn.trendhunterstatic.com/icons/manifest/apple-touch-icon.png
anymeeting-video-conferencing?utm_source=amhp,/assets/tracked/img/intm-logo.svg,/assets/tracked/img/favicon.ico
www.yesware.com,,https://www.yesware.com/wp-content/themes/yesware/images/favicon.ico
5gstore.com,includes/templates/ey/images/5gstore-logo-web_small.png,
www.hostdime.com,/images/logo.png,/images/favicon.ico
www.rakuten.com,,https://static.rakuten.com/static/images/favicons-r/favicon-32x32.png
www.relianceglobalcall.com,/images/relianceglobalcall-logo.png,/favicon.ico
www.clickmeter.com,https://s3.amazonaws.com/clickmeter.com/web/static/cmlogo.svg,
ignitionone.com,https://ignitiononeprd.wpengine.com/wp-content/uploads/2018/12/i1-logo-whiteorange.png,https://ignitionone.com/wp-includes/css/dashicons.min.css?ver=5.5.3
notfound.html,,
www.kvh.com,/-/media/images/menu/kvh_white_logo2.ashx,/favicon.ico
www.local03.com,/portals/_default/skins/local03_online/images/logo.png,/portals/0/banners/icon.ico
www.launchrock.com,,/metadata/launchrock/apple-touch-icon-57x57.png
www.tributes.com,/trib2_images/logo-tagline-ko.png,/favicon.ico
www.hdaccessory.com,/product_images/hd_accessory_logo_293x36_1603994455__85214.original.png,https://cdn10.bigcommerce.com/s-5uiyhy/product_images/favicon.ico
izea.com,https://d27fp5ulgfd7w2.cloudfront.net/wp-content/uploads/2018/07/25153708/logo-6de084326e2cd3a60d412bffbff2f6c00956388b637541ead5705411b1767660.png,https://d27fp5ulgfd7w2.cloudfront.net/wp-content/uploads/2018/06/25153747/izea-favicon.png
www.hatena.ne.jp:443,,/p/images/favicon.ico
thanks.yahoo.co.jp:443,https://s.yimg.jp/c/logo/f/2.0/yj_r_34.gif,https://s.yimg.jp/images/cms/favicon.ico
www.pogoplug.com,/assets/img/logo/logo1.png,/assets/fonts/flaticon.css
slickdeals.net,/image-pool/sd-branding/sd-logomark.svg,/images/slickdeals_icon.svg
www.smaato.com,https://www.smaato.com/wp-content/themes/smaato/vector/smaato-logo.svg,https://www.smaato.com/wp-content/themes/smaato/images/favicon.ico
tollfreeforwarding.com,https://tollfreeforwarding.com/images/2014-08/logo.png,https://tollfreeforwarding.com/favicon.ico?v=20141218
sewelldirect.com,//cdn.shopify.com/s/files/1/0015/8256/3374/files/logow4_2_400x160.png?v=1549063115,
www.hostbaby.com,./assets/logo-bz-hostbaby.svg,./assets/favicon.ico
crackberry.com,https://crackberry.com/sites/crackberry.com/files/styles/w400h300crop/public/article_images/2020/08/z10-logo-close-back.jpg,https://crackberry.com/sites/crackberry.com/files/images/icons/apple-touch-57x57.png
www.sinovision.net,template/tbimages/2017/index/img/logo.png,
www.vps.net,https://img.vps.net/includes/images/global/vps-logo-thg-company-mobile.svg,https://img.vps.net/favicon.png
www.accrisoft.com,,graphics/design/favicon.ico
www.sendthisfile.com:443,https://www.sendthisfile.com/images/logos/stf_logo_261x53.gif,https://www.sendthisfile.com/favicon.ico
www.invisionapp.com,,//marketing.invisionapp-cdn.com/www.invisionapp.com/global-assets/favicon/apple-icon-57x57.png
www.line2.com,https://mk0line2yleirv8brdg.kinstacdn.com/wp-content/uploads/2020/09/line2-logo.svg,https://mk0line2yleirv8brdg.kinstacdn.com/wp-content/plugins/elementor/assets/lib/eicons/fonts/eicons.woff2?5.9.1
www.zoner.com,https://cdn.zoner.com/img/logos.png,https://cdn.zoner.com/img/favicon/apple-touch-icon.png
www.copernic.com,https://www.copernic.com/images/logo-light.png,https://www.copernic.com/css/themify-icons.css
www.localphone.com,//static.localphone.com/v3/images/common/new-localphonelogo-en-3.5.01.png,/favicon.ico
www.whichvoip.com,,
www.siteground.com,,https://www.siteground.com/img/favicon.ico?v=1
en,,/blueprint/servlet/static-cms/apple-touch-icon.png
clicktale,https://contentsquare.com/wp-content/themes/kps3-contentsquare/public/assets/images/contentsquare-logo.svg?tv=1.3.3,https://contentsquare.com/wp-content/themes/kps3-contentsquare/public/assets/images/apple-touch-icon.png?tv=1.3.3
www.ait.com,/images/aitlogo.png,/images/favicon.ico
www.tatacommunications.com,https://www.tatacommunications.com/wp-content/themes/2017/assets/images/icons/tatarlogo.svg,https://www.tatacommunications.com/wp-content/themes/2017/assets/images/icons/favicon-16x16.png
www.mobal.com,/img/logo.svg,https://cdn.mobal.com/icons/css/a.general_foundicons.css.pagespeed.cf.3giaulnsi_.css
www.noip.com,//d2np5nlsc31ci5.cloudfront.net/assets/img/logo/logo-grey.png,//d2np5nlsc31ci5.cloudfront.net/assets/img/2013/favicon.ico
cwa-union.org,/sites/all/themes/cwa_union/images/logo.svg,https://cwa-union.org/sites/all/themes/cwa_refresh/favicon.ico
www.accessorygeeks.com,https://www.accessorygeeks.com/media/logo/stores/1/ag_logo_2.png,https://www.accessorygeeks.com/media/favicon/websites/1/ag-favicon.png
www.eweek.com,https://www.eweek.com/wp-content/uploads/2021/01/eweek_logo_mainlogo-300x80.png,https://www.eweek.com/wp-content/uploads/2021/01/eweek_logo_favicon.png
gigaom.com,https://gigaom.com/wp-content/themes/gigaom/dist/assets/images/gigaom-logo-light.svg,
www.163.com,,//static.ws.126.net/www/logo/logo-ipad-icon.png
www.jiwire.com,/wp-content/uploads/2020/11/9d-inmarket-logo.png,/wp-content/uploads/2017/01/ninthdecimal-favicon.png
www.yola.com,https://assets.yolacdn.net/wl-logos/yola-black-f8e63d97.svg,//yolacom.yolacdn.net/assets/img/favicon.ico
s?k=seidio,,
www.kajeet.net,https://3uhs372f0uq113tsza1gn23u-wpengine.netdna-ssl.com/wp-content/uploads/kajeet-logo.png,https://3uhs372f0uq113tsza1gn23u-wpengine.netdna-ssl.com/wp-content/uploads/kajeet-favicon-2020.png
www.infoseek.co.jp,https://image.infoseek.rakuten.co.jp/content/news/logo/rakutenfcb_jl_141_56.png,/favicon-3.0.ico
www.callsource.com,https://www.callsource.com/wp-content/themes/call-source/assets/img/call-source-logo.svg,https://www.callsource.com/wp-content/plugins/ultimate_vc_addons/modules/../assets/css/icons.css?ver=3.16.7
www.topproducer.com,https://3i5fkm3tt6vd1lmghy3trn1o-wpengine.netdna-ssl.com/wp-content/uploads/2019/04/top-producer-top-logo.png,https://3i5fkm3tt6vd1lmghy3trn1o-wpengine.netdna-ssl.com/wp-content/uploads/2019/05/favicon.ico
paginasestaticas!showpromocao.action?codpromocao=assineabril,,/portal/imagem/icon/favicon.ico
www.polleverywhere.com,//davhizrhxzcu1.cloudfront.net/assets/header/header-logo-7ceffd378b24793db821df55da8f0611da6ad90f02b8022239a82dd750199b92.svg,/favicon.ico
www.ipower.com,,https://secure.ipower.com/images/icons/favicon_ipw.ico
tribesports.com,//cdn.shopify.com/s/files/1/0821/9503/files/home_page_menu_logo3_fd0c2075-dcc9-4fa2-963f-265a5d6fdeaf_180x.png?v=1611781902,//cdn.shopify.com/s/files/1/0821/9503/files/favicon_fde30ae2-41b3-46d1-9aef-29bdfed0e719_32x32.png?v=1612216627
snapapp,https://www.uberflip.com/wp-content/uploads/2020/09/white-logo-dots-correct-2.svg,https://www.uberflip.com/wp-content/uploads/2020/09/cropped-uf-favicon-512x512-1-32x32.png
www.tune.com,//www.tune.com/tune-com-content/uploads/2019/05/tune-logo.png,
www.simplycast.com,images/simplycast_logo.svg,favicon.ico
www.hostmysite.com,/wp-content/uploads/2013/12/hostmysitelogo-white.png,/wp-content/uploads/2013/12/favicon.gif
www.mayo.edu,/styles/img/logo-mayoclinic.png,/-/media/web/gbs/shared/images/apple-touch-icon-152x152.png
en,/sites/default/files/logo_0.png,/sites/default/files/favicon_0.ico
uniden.com,//cdn.shopify.com/s/files/1/0018/3543/4029/files/uniden-logo-current_327x74.png?v=1557382941,
www.apnic.net,,//www.apnic.net/apple-touch-icon-57x57.png
www.jumpfly.com,https://www.jumpfly.com/wp-content/uploads/2019/12/jumpflylogo_final.png,
www.a2hosting.com,https://www.a2hosting.com/images/2015/logo.png,/favicon.ico
www.streamsend.com,http://www.streamsend.com/wp-content/themes/streamsend/assets/images/streamsend_logo/streamsend-logo.svg,http://www.streamsend.com/wp-content/themes/streamsend/genericons/genericons.css?ver=3.03
www.digi.com,/digi/media/nav/logo-digi.png,https://images.digi.com/apple-icon.png
www.bezecom.com,/img/bezecom_logo.png,/css/images/faviconbez.ico
home.html,,/modules/fpdemo/images/favicon.ico
www.thinglink.com,,//cdn.thinglink.me/cb1830103730/gfx/favicon.ico
www.podomatic.com,/assets/homebase/plogo-6c0d382fb3f08fea8361bf90e5de35d0a420131f94499819728d40d908ce8c4c.png,
www.globalspec.com,/images/engineering360_shared/logos/engineering360_white.png,
www.cablesandkits.com,//media.cablesandkits.com/static/img/logo_2018j3.png,/favicon.ico?v=2
www.uol.com.br,https://conteudo.imguol.com.br/c/home/layout/camaleao/web/logo.png,https://conteudo.imguol.com.br/c/home/layout/camaleao/web/gerais/favicon.ico
www.freephonetracer.com,images/ng-logo.svg,images/favicon.ico
jangomail.com,https://jangomail.com/wp-content/uploads/2020/10/cropped-main-logo.png,https://jangomail.com/wp-content/plugins/elementor/assets/lib/eicons/css/elementor-icons.min.css?ver=5.9.1
home,/files/4914/6782/7789/usr_logo_final_rgb-_small.png,/themes/f5_us_robotics/favicon.ico
www.fathomdelivers.com,//www.fathomdelivers.com/wp-content/uploads/2019/12/fathom-logo-rgb-tm-300x154.png,https://www.fathomdelivers.com/wp-content/themes/x/framework/dist/css/site/stacks/icon.css?ver=8.1.5
www.appsbar.com,images/logo-black.png,images/appsbar_favicon.ico
www.walla.co.il,/public/assets/logo/logo.svg,/public/favicons/color-1.ico
www.idt.net,,https://d31hibsgj25cpg.cloudfront.net/assets/version/2020-11-18_09-42_assets/img/favicon.ico
www.cornerstoneondemand.com,,/favicon/apple-touch-icon.png
www.sohu.com,,//statics.itc.cn/web/static/images/pic/sohu-logo/favicon.ico
www.buydomains.com,//static.buydomains.com//browser/img/logo-header.svg?version=2021-02-04-1,//static.buydomains.com//browser/img/favicon.ico?version=2021-02-04-1
mobile-device-management,,//1.www.s81c.com/common/fonts/icons-ibm-v12.woff
www.hughes.com,/themes/custom/hughescorp_theme/logo.svg,/themes/custom/hughescorp_theme/favicon.ico
www.sencha.com,/wp-content/uploads/2020/10/extnet-logo.jpg,https://www.sencha.com/wp-content/themes/sencha/images/favicon.ico
www.directstartv.com,http://www.directstartv.com/wp-content/themes/directstar/images/logo-directv-ad-reversed.svg,/favicon.ico
www.text-em-all.com,https://www.text-em-all.com/hubfs/text-em-all/text-em-all-web-logo.svg,https://www.text-em-all.com/hubfs/favicon.ico
www.birch.com,img/birch_logo.png,/img/birch_favicon.png
www.xcomglobal.co.jp,_layout/images/logo.png,apple-touch-icon-144-precomposed.png
www.spyfu.com,,https://fonts.googleapis.com/icon?family=material+icons
www.smashingmagazine.com,/images/logo/logo.svg,/images/icons/menu-cat-dancing.svg
www.magestore.com,https://2xjk0811vl4g2goo9j3wnndg-wpengine.netdna-ssl.com/wp-content/uploads/2020/10/01_magestore_logo_rgb_tagline_yellow-black.svg,
www.admarketplace.com,../../images/logo51389ef4.png,/favicon.ico
www.toolbox.com,/wp-content/themes/gauge-child/images/toolbox-logo.png,/wp-content/themes/gauge-child/images/tb-ico.png
index.aspx,images/voiplogocall3.gif,/favicon.ico
www.leaguelineup.com,/wp-content/uploads/bss-with-credit-logos-1x-reverse.png,https://www.leaguelineup.com/wp-content/themes/league/template/img/favicon.ico
www.linkconnector.com,/wordpress/wp-content/uploads/2015/09/lc-logo-homepage.svg,"https://www.linkconnector.com/wordpress/wp-content/plugins/bwp-minify/min/?f=wordpress/wp-content/plugins/layerslider/static/css/layerslider.css,wordpress/wp-content/plugins/contact-form-7/includes/css/styles.css,wordpress/wp-content/plugins/svg-vector-icons-pro/public/css/wordpress-svg-frontend-style.min.css,wordpress/wp-content/plugins/svg-vector-icons-pro/admin/css/wordpress-svg-icon-plugin-style.min.css,wordpress/wp-content/plugins/js_composer/assets/css/js_composer.min.css,wordpress/wp-content/themes/codeus/js/fancybox/jquery.fancybox.css,wordpress/wp-content/themes/codeus/plugins/slideshow/nivo-slider/nivo-slider.css,wordpress/wp-content/themes/codeus/js/jquery-ui/jquery-ui.css,wordpress/wp-content/themes/codeus/fonts/icons.css,wordpress/wp-content/themes/codeus-child/style.css"
simplereach,https://static1.squarespace.com/static/57f4f7ad725e25e4b385429f/t/5ea37332c05f662daeff8521/1587770162953/dtsg+logo-white.png,https://images.squarespace-cdn.com/content/v1/57f4f7ad725e25e4b385429f/1495563231393-9b4n4hjghdu5oy0tp9oi/ke17zwdgbtoddi8pdm48kj4j8ukdizk-f_5b0jn0mczzw-zppgdn4juwvcje1zvwhcwhetwjxoshnda9f1qd7ewc-od9zupsbwoqvazculygdhblyeql85dwg_sw70nlyqxflk614c0jq6x_hp_ydg/favicon.ico?format=100w
www.marketmotive.com,https://www.marketmotive.com/market_motive/images/market_motive_logo_white_v1.png,https://www.marketmotive.com/static/css/images/favicon.ico
fiksu.com,https://static.tildacdn.com/tild3433-6237-4334-b766-373637353165/fiksu-logo-white-524.png,https://static.tildacdn.com/tild3066-6464-4865-b765-333939633466/favicon.ico
?domain-redirect=true,,/favicon.ico
www.bluefountainmedia.com,,/themes/custom/bfm/favicon.ico
www.glispa.com,,https://www.glispa.com/wp-content/themes/uncode/library/css/uncode-icons.css?ver=225578926
www.sparklight.com,/-/media/project/sparklight/sparklight/logos/sparklight.png?h=40&w=160&la=en&hash=85797356b84ddfb6dc241c109596c2fd,/-/media/project/sparklight/sparklight/icon/sparklight.png
www.sena.com,/resources/images/sena-logo.svg,/favicon.jpg
www.technewsworld.com,/images/2014/tnw-logo.png,/images/tnw_favicon.ico
www.pcnametag.com,https://www.pcnametag.com/static/version1612493655/frontend/pcnametag/pcnametagtheme/en_us/images/logo.svg,https://www.pcnametag.com/static/version1612493655/frontend/pcnametag/pcnametagtheme/en_us/magento_theme/favicon.ico
www.wideanglesoftware.com,/images/style/logo_ns.gif,/images/favicon.ico
www.distilled.net,/static/images/home/brainlabsflasklogo.png,/static/images/favicon.ico
www.clickatell.com,https://www.clickatell.com/app/themes/clickatell/dist/images/clickatell-logo-dark_8bae36a3.svg,https://www.clickatell.com/app/themes/clickatell/dist/images/favicon_0a5e967e.ico
www.bluestacks.com,https://cdn-www.bluestacks.com/bs-images/bs-logo-new.png,https://cdn-www.bluestacks.com/bs-images/favicon.png
www.signnow.com:443,https://marketing-static.signnow.com/415/images/global/svg/new-logo.svg,https://marketing-static.signnow.com/415/favicons/apple-touch-icon.png
clear,,
www.meetingsfocus.com,https://www.meetingsfocus.com/files/portals/0/skins/meetings/images/meetings_focus_logo.png,https://www.meetingsfocus.com/files/portals/0/favicon.ico
www.onet.pl,https://ocdn.eu/onetmobilemainpage/mainpage_desktop/logo/bi_v4.svg,https://ocdn.eu/onetmobilemainpage/manifestprod/icons2/favicon-16x16.png
www.sendible.com,,https://www.sendible.com/hubfs/raw_assets/public/sendible-theme-2020/images/favicon/favicon@512w.png
www.apartmenthomeliving.com,//image.apartmenthomeliving.com/assets/ahl-logo-home-492376e3840f6c48e8b656ff35505a9cefe26f91cd1ea967182cca21906f68bc.svg,/favicon.ico
ccrane.com,https://cdn11.bigcommerce.com/s-5su7s5q6od/images/stencil/original/logo-blue_1579301974__28783.original.png,https://cdn11.bigcommerce.com/s-5su7s5q6od/product_images/favicon.jpg?t=1579301974
www.mapilab.com,/images/ms-partner-logo.png,https://www.mapilab.com/favicon.ico
www.pcmatic.com,/images/pcmatic-logo.svg,/css/ionicons.min.css
www.cj.com,https://www.cj.com/hubfs/_cj%20branding/cj_header_logo_white.svg,https://www.cj.com/hs-fs/hub/4372715/hub_generated/template_assets/6090978292/1600291802442/_global-assets/styles/icon_fonts.min.css
?rr=1,https://assets-global.website-files.com/5dfbb65fcb94d5455876bad9/5f1f59131ec23f11b0fec0e4_aamco_color_logo.svg,
graphicmail.com,https://graphicmail.com/wp-content/uploads/2020/04/cropped-graphic-mail-logo.png,
www.daum.net,//t1.daumcdn.net/daumtop_deco/images/top/2017/logo_foot.gif,
digital-marketing,/content/dam/deluxe/us/en/site-global/deluxe_logo_2020@2x.png,/content/dam/deluxe/fav-icons/favicon.ico
www.rappler.com,,/static/img/favicon.ico?v=3
raventools.com,/img/home-new/foot-logos/tapclicks.png,/img/icons/apple-touch-icon-57x57.png
www.armor.com,https://www.armor.com/app/themes/armor2019/assets/images/armor-logo.svg,https://www.armor.com/app/themes/armor2019/assets/images/favicon/apple-icon-57x57.png
swappa.com,https://static.swappa.com/static/images/logos/logo_swappa_nav.svg,https://static.swappa.com/static/images/logos/favicon.png?v=2
codero.com,https://codero.com/wp-content/uploads/2020/02/coderologo_feb13.png,https://codero.com/wp-includes/css/dashicons.min.css?ver=5.6.1
www.shaw.ca,,/new/public/fonts/icomoon.woff
skimlinks.com,https://skimlinks.com/wp-content/uploads/2019/05/edaa-logo.png,https://skimlinks.com/wp-content/themes/skimlinks/favicon/apple-touch-icon-57x57.png
www.callfire.com,/sites/all/themes/ghost_rider/images/logo.png,https://www.callfire.com/sites/all/themes/ghost_rider/favicon.ico
fc2.com,,//static.fc2.com/share/image/favicon.ico
www.tbo-group.com,,favicon.ico
mobileroadie.com,,https://cdn-static.mobileroadie.com/img/media/favicon32.ico
www.smartmove.us,/getmedia/cadfb41f-0c0f-4f87-bd6f-9cb2e9006312/logo-smartmove-with-tagline.aspx?width=300,/img/apple-touch-icon.png
tdstelecom.com,/content/dam/tdstelecom/images/logos/tds-logo.svg,/content/dam/tdstelecom/images/logos/tdsfavicon.ico
www.webnode.cz,,https://d1rv23qj5kas56.cloudfront.net/img/favicon/favicon.svg
www.astraweb.com,./assets/img/logo-old.png,favicon.ico
www.codetwo.com,https://codetwocdn.azureedge.net/images/css-assets/top-c2logo-2020.png,https://codetwocdn.azureedge.net/images/css-assets/favico.ico
www.topseos.com,https://d14m5di267ycfe.cloudfront.net/partners/f44e489b-bf0a-47df-895e-dd7d926b0d1c-sps_logo.gif,/apple-touch-icon.png
www.interserver.net,/images/logo.png,common/images/favicon.ico
index.html,,/favicon.ico
www.ugr.es,/sites/default/files/logo-ugr-color_0.png,/sites/default/files/favicon.ico
www.3cx.com,https://wcdn.3cx.com/wp-content/uploads/2018/08/logo-3.png,/wp-content/themes/avada/includes/lib/assets/fonts/icomoon/icomoon.woff
kajabi.com,https://assets-global.website-files.com/5db0d55a083f4b7cd59d2e42/5db0e9aef782f938e253cee5_kajabi_logo.svg,https://assets-global.website-files.com/5db0d55a083f4b7cd59d2e42/5f9349062968146aa37f230c_ico.png
corporate,/corporate/wp-content/uploads/2019/10/client-logo-dell.png,https://www.cleverbridge.com/corporate/favicon.ico
www.litmus.com,https://www.litmus.com/wp-content/themes/litmus/dist/images/litmus-logo.svg,https://www.litmus.com/wp-includes/css/dashicons.min.css?ver=5.6
harmon.ie,/static/images/logo_without_text.svg,/static/favicon.ico
www.woopra.com,,/favicon.svg
www.ipass.com,https://www.ipass.com/wp-content/themes/ipass/images/ipass_pareteum_logo3_sm_rgb.png,https://www.ipass.com/wp-content/themes/ipass/favicons/apple-touch-icon-57x57.png
www.yahoo.co.jp:443,,https://s.yimg.jp/c/icon/s/bsc/2.0/favicon.ico
www.thinkadvisor.com,/assets/master-template/images/market-images/think-advisor-logo-white.png,/apple-touch-icon.png
www.g3telecom.com,/content/images/main/img_logo.png,/content/images/main/favicon.ico
asmallorange.com,/assets/img/logo/logo.png,/assets/img/ico/favicon.ico
www.towerstream.com,/wp-content/uploads/2017/08/logo.png,https://www.towerstream.com/wp-includes/css/dashicons.min.css?ver=4.8.10
www.genuitec.com,https://resources.cloud.genuitec.com/wp-content/uploads/2015/04/genuitec-logoblue-20151.png,https://resources.cloud.genuitec.com/wp-content/plugins/woocommerce-menu-bar-cart/css/wpmenucart-icons.css?ver=4.9.2
cjb.shopco.com,/logo/4/image.png,
home,/ws/app_themes/portalmarcaria/img/logo_transp.gif,/ws/app_themes/portalmarcaria/img/favicon192.gif
kroma.ai,,
elasticemail.com,https://elasticemail.com/wp-content/themes/elasticemail/img/theme-assets/logo.svg,
appengine,,
www.adsage.com,,
www.logiforms.com,https://www.logiforms.com/wp-content/themes/logiforms/images/logo.png,https://www.logiforms.com/wp-content/themes/logiforms/images/favicon.png
aheadworks.com,https://aheadworks.com/static/version1612420766/frontend/aheadworks/store2/en_us/images/logo.svg,https://aheadworks.com/static/version1612420766/frontend/aheadworks/store2/en_us/magento_theme/favicon.ico
www.netatlantic.com,/images/na-logo-color.svg,
housing.com:443,,//c.housingcdn.com/demand/s/common/assets/favicon1.b0244532.png
www.adonit.net,/assets/images/logo_horizontal_w-4e0b7090.png,
www.prv.pl,,
semify.com,,
www.exclaimer.com,https://cdn.exclaimer.com/static2/exclaimer-logo.svg,https://cdn.exclaimer.com/static2/touch-icon-iphone.png
www.virtualpbx.com,/wp-content/uploads/2020/12/2020-tmcnet-videoconferencingexcellenceaward-logo.png,https://www.virtualpbx.com/favicon.png
www.serverpronto.com,//www.serverpronto.com/images/server-pronto-logo-tagline-red.png,
www.suffolk.edu,/-/media/suffolk/images/svg/suffolk-logo-stacked-white.svg,/apple-touch-icon.png
default.aspx,/images/logo.png,/favicon.ico
www.scorpion.co,,
www.techradar.com,,https://vanilla.futurecdn.net/techradar/247818/apple-touch-icon.png
www.nextworth.com,https://www.nextworth.com/images/nextworth_logo.jpg,https://www.nextworth.com/images/favicon.ico
www.flipbuilder.com,/images/logo.png,/favicon.ico
www.acquisio.com,https://www.acquisio.com/wp-content/themes/understrap-child/img/logo_acquisio.svg,/wp-content/themes/understrap-child/img/favicon/apple-touch-icon.png
www.rcrwireless.com,https://ujg433eawlo3i4uqknhm8e1b-wpengine.netdna-ssl.com/wp-content/uploads/2014/05/rcr-logo-web-new-702x336.jpg,https://ujg433eawlo3i4uqknhm8e1b-wpengine.netdna-ssl.com/wp-content/uploads/2014/07/icon.jpg
www.ebrandz.com,https://www.ebrandz.com/wp-content/themes/ebrandz-child/images/bing-partner-logo.jpg,https://www.ebrandz.com/wp-content/uploads/2019/06/ebrandz-favicon.png
en,//images.ctfassets.net/8cd2csgvqd3m/4jdkzu629zmiigr4o0augw/60ca2254d3cf4ed943ead8a12b947f8f/primary-logo-white.svg,/static/1.4.0.1813/images/favicon.ico
www.ezanga.com,https://cdn.ezanga.com/images/logos/traffic_advisors.svg,https://cdn.ezanga.com/favicon.ico
www.freedomvoice.com,https://fv-lb-prod-freedom.netdna-ssl.com/sites/default/files/cloudnumber-logo-sans.png,https://fv-lb-prod-freedom.netdna-ssl.com/sites/default/files/favicon.ico
silktide.com,https://silktide.com/app/themes/silktide-website/images/silktide-logo.svg,https://silktide.com/app/themes/silktide-website/favicons/apple-icon-57x57.png
www.marchex.io,,
default.aspx,images/logo-fix.png,https://www.amantel.com/favicon.ico
smx,https://v5g9e7s2.rocketcdn.me/_images/logos/ftr-sel-white.png,https://v5g9e7s2.rocketcdn.me/wp-content/themes/ml-events/favicon_smx.ico
www.showingsuite.com,http://www.showingsuite.com/wp-content/uploads/2017/03/st-logo.png,http://www.showingsuite.com/wp-content/uploads/2015/09/favicon.png
www.allmyfaves.com,/images/onlylogonew354x70-min.png,//img2.minifav.net/images/appleicon.png
www.performics.com,https://www.performics.com/wp-content/themes/pfx/img/performics_logo_white.svg,https://www.performics.com/wp-content/uploads/2015/10/favicon.ico
www.zedge.net,https://zedgenet.cdn.prismic.io/zedgenet%2f9cc7edab-d558-48cb-8c62-09a6751c1867_zedge-logo.svg,https://marketing.zobj.net/favicon.png
www.mawebcenters.com,//www.mawebcenters.com/images/ma_footer_logo_dark.png,favicon.ico
www.truconnect.com,,/favicon.ico
www.vresp.com,,
www.trapcall.com,images/logo-footer.png,images/apple-icon-touch.png
www.bb-elec.com,,/favicon.ico
www.manageflitter.com, /assets/img/logo_white.png?v=dc9d825c35,/assets/ico/apple-touch-icon-57x57.png?v=dc9d825c35
www.imeet.com,,
moz.com,,
www.companionlink.com,/assets/images/cl-logo-header.png,/apple-touch-icon.png
www.tmcnet.com,https://images.tmcnet.com/tmc/tmcnw/tmcnet_logo_nw.png,favicon.ico
www.flipsnack.com,https://cdn.flipsnack.com/site/images/flipsnack-logo.gz.svg,https://cdn.flipsnack.com/site/images/touch-icon.png
www.libero.it,/public/dva/3.5/img/logo_libero.svg,/public/dva/3.5/img/fi/apple-touch-icon.png
www.olark.com,,https://www.olark.com/favicon-16.png
www.ucoz.ua,,/favicon1.ico
www.elevensoftware.com,https://www.elevensoftware.com/hs-fs/hubfs/brand/logos/eleven-logo-large.png?width=603&name=eleven-logo-large.png,https://www.elevensoftware.com/hubfs/brand/logos/eleven-favicon.png
www.app.net,/images/logo.svg,/images/favicon/favicon.ico
www.wisestamp.com,https://static.cdn.wisestamp.com/wp-content/uploads/elementor/thumbs/scobleizer_logo-owfauhyyzlmmkx1oz43q4hyvngig9xko3xvp66teh4.png,//static.cdn.wisestamp.com/wp-content/plugins/elementor/assets/lib/eicons/css/elementor-icons.min.css?ver=5.10.0
www.webceo.com,,https://site.wstatic.net/static/images/site/favicon.13fd0d86cede.ico
37signals.com,/images/basecamp-logo.png,
ojooo.com,https://ojooo.com/img/logo-white.png?11,https://ojooo.com/img/icons/apple-icon-57x57.png?5
www.pasternack.com,/images/ul-logo-black.png,
www.zain.com,,
www.befunky.com,https://www.befunky.com/images/site/logo-dark1.svg,
xo,,
www.cincinnatibell.com,/assets/cinbell/content/business%20videos/old-logo-white.jpg,/app_themes/cinbell/fonts/icons/style.css
www.morevisibility.com,https://www.morevisibility.com/wp-content/uploads/2019/01/logo.png,https://www.morevisibility.com/wp-content/themes/mv-template/images/favicons/apple-icon-57x57.png
www.cases.com,https://cdn2.bigcommerce.com/server5900/2gwuho/product_images/uploaded_images/logo-bw.png,https://cdn2.bigcommerce.com/server5900/2gwuho/product_images/favicon.ico?t=1474960342
www.androidauthority.com,,https://cdn57.androidauthority.net/wp-content/uploads/2016/11/favicon1.ico
careers?redirectfrom=www.tmobile.jobs,,/favicon.ico
www.telehispanic.com,images/logo.png,
www.dslextreme.com,/images/header_logo.png?id=0,/favicon.ico
www.sina.com,https://image2.sina.com.cn/img/sina-logo.png,
www.clearme.com,,"data:image/png;base64,ivborw0kggoaaaansuheugaaacaaaaagcayaaabzenr0aaaagxrfwhrtb2z0d2fyzqbbzg9izsbjbwfnzvjlywr5ccllpaaaayhpvfh0we1momnvbs5hzg9izs54bxaaaaaaadw/ehbhy2tldcbizwdpbj0i77u/iibpzd0ivzvnme1wq2voauh6cmvtek5uy3pryzlkij8+idx4onhtcg1ldgegeg1sbnm6ed0iywrvymu6bnm6bwv0ys8iihg6eg1wdgs9ikfkb2jlifhnucbdb3jliduuni1jmtm4idc5lje1otgyncwgmjaxni8wos8xnc0wmtowotowmsagicagicagij4gphjkzjpsreygeg1sbnm6cmrmpsjodhrwoi8vd3d3lnczlm9yzy8xotk5lzaylziylxjkzi1zew50yxgtbnmjij4gphjkzjpezxnjcmlwdglvbibyzgy6ywjvdxq9iiigeg1sbnm6eg1wpsjodhrwoi8vbnmuywrvymuuy29tl3hhcc8xljaviib4bwxuczp4bxbntt0iahr0cdovl25zlmfkb2jllmnvbs94yxavms4wl21tlyigeg1sbnm6c3rszwy9imh0dha6ly9ucy5hzg9izs5jb20vegfwlzeumc9zvhlwzs9szxnvdxjjzvjlzimiihhtcdpdcmvhdg9yvg9vbd0iqwrvymugughvdg9zag9wiendidiwmtcgke1hy2ludg9zackiihhtce1nokluc3rhbmnlsuq9inhtcc5pawq6odngrtrfnky5mzzemtffoejdnzrdquqxn0uyotrcmzaiihhtce1nokrvy3vtzw50suq9inhtcc5kawq6odngrtrfnza5mzzemtffoejdnzrdquqxn0uyotrcmzaipia8eg1wtu06rgvyaxzlzezyb20gc3rszwy6aw5zdgfuy2vjrd0ieg1wlmlpzdo4m0zfneu2rdkznkqxmuu4qkm3nenbrde3rti5neizmcigc3rszwy6zg9jdw1lbnrjrd0ieg1wlmrpzdo4m0zfneu2rtkznkqxmuu4qkm3nenbrde3rti5neizmcivpia8l3jkzjpezxnjcmlwdglvbj4gpc9yzgy6ukrgpia8l3g6eg1wbwv0yt4gpd94cgfja2v0igvuzd0icii/psjk++oaaalqsurbvhjajfd7jfrxgf/do/fe2znzgwbml33m1l0es2mhuyjsrqnfltkgpxrpixgknjutsa0wq0ltfscpqdogarvvtgobnooba2mrglalkpqfesgiy7medtnd2bllpmzmz+7b3zn37nzht4abfjk5557zvb/f913lzjk+xkmogoscpslvg7wkuy+pr7goxq5m4pfehm853eomam4e4jlxgbos8prvcovab2n7fqm28f4dpojcyyibjpc6jnerkccgnfz1ekrubld4a/ggeirne5itqtbljuaromaatafc7gnwla6y89yc2ixivo+buw7g5nk/5ktkrhjzjfggta/mmwh0ufc2cjkugdnd8blnikmo+h2eghuqmbfwar6vnxrs8yw+cjz7fqbrk3siuzwxzykjzpdxdqoia22epdcovrd2reh0nkbwhzxeunwl9peirroom2mgsoqhfbruo2shp8fwacxdqy7txbyvr0lxy/xhhw9tcluyc1oecqwzmunaq+g5i8b9q4ad+1fq+hjol4rodspo8xg2mgay15oaktiggcyngh///7lagxtjj9oees2vqiwkcbx5nznsdmpyqcsbebvw8x3gp/vrxyphot3y2wqn3hbjq2vr6gl4jmcgwcrgct9l82eo8v1c0sok6egipg/k5u08t4hrjowgprpfgxovkhqyq/ni+g6mcxun1wly21vwptdfx97qwhyativvcnjff/fzjbsybbrqmtpfwxrfrdrwezfxt9figb9xpux1hbsyj6+kqto8d7w7toedrguy6cm4lkqhohassbnlj3qykq3crlnjxviyhqxm4alugn/lnwwdhsjs1fdt2lmm3w5vx+2qj3/y3zfphdwp4jiq4dkyip+2qigpe1lojfvevyyss45cdgue2qd98/fgg3a6ee93gj6zam0rad3pm2lwr6mansexexkwvkbv4jknsozr05oop4eblyzsae6ieqflflsvhp5lhfjiyz9e7p7v6lqicktscfdsuz6bmfuzhxbucc4t00w8bvmzptugtlzrl9fag8frmq1/7lzg8oqrbfn0fs/vebryssrhkcuo8wtfb+f6fozlo0fcs3z7e3vq38ck6e4me/6oj/uihmuqfvt6capaonqv/m2a8oi2p9a7yymx/f2pxp01g5raiimqv/wwhyicowmo40p6guunmcwdfd2tfho6wnjvuf0s4l1chimypf4iezkcsg1cn6jetkqslbkofozim6zhoyzbicxfub8fausq45eutggsk/c4//veneyp6ejvibxk9cfpxefydpdueybtmydump4gmibqg+/pgdf+axjyasq37wayqrdejvyycp6qbvqcglpffuasjegjb3f5g/kt43+b95hymbgeywgwi6jbqgvvscj8obohh3ocs8+1ytkhy9izz4kzjzgvntguxcala2tle//vif6sie+pgng/wavsdbqkw2i14n1nofrk/xry2r0lctaoiy4aly/i7ydivy0noffg2wippivwrafijtxqrtffj+mvxnyew7kwkmkztqwj5q8gblegm03oglu0nbpzub6f+bcrv63upvvylhot+a3ksaqaouf5z6yt0kdboosxljhwcqvzmhmsowwa2yedpppesntdn0thautfih2mcosswo7yei6rtzokmab4iuhugpbo+3opwe+pyl1gru+shcjhg6ccp/8xnacsvzpqtkfhkmjkb/o/kbo6wzar2c9df/ymmumyorlcu1hocbx7oncpwgjr67biyajampths41mbg4kihgfyli7cwl9ubgvfoboczstrllzc+adeie+oqxvpkxutnnda0ig96j+0d0jtlijdgqq8sr04fygsak4vgtavg8ojamqju1fh3h2cad6xr9jvaxsrkgc9oaud6zj5l+8iwh0k/byleunqjar3ty2ambal0nfqqkn9wp/pcx1sgqnaxiwb7cyx24o79gion1yw9wxy5jf+cwzfsysttbdzathdubt9mivijc3c+ziqimm01ifty56qjvw52xm9q3mtx5fc8e8wtijlheled0rwsqsfm0knagwu298n2crne7j4jeecz9pspesybdrzuvyafjywb9scfgfsaszgdr3qq/fmdssro4hbbzgq3goxjyidgewgw6drsxlzpbtegdmk3sxrwepecgub4zzgxbz8eegoiekbu5hkas2krxucvuirfytqwboycd8g/zms+sfyjn26yxru4gxdtna0hom+6xbgt37aiukfks/kjwbtbtkqg156nio2utnlosrl4y8wcmzaffrvhf3kb2m03svcmhzhevlowu3j+hf3psm35xknkjcjnfl3u9mirvexows4msp0d0wklhv9eij57+1pqr0dzqyzwv1bjhgqkdciolvjotkr5gzyitwct8vofip0fu3oixt7ck+fe0txmm8bqfdujj4debbtyt1pzi4diiqu/3ww4a0h8j/xppczbjapaynr+gf55ma7ycm4k4fs4hrmvepcuhjg9pfaqouir1/0dcqiyaxmyo7z9m/ikzt5f1/ku21ewbgm2kn+a3ikljejryrhvdah3v1ltzsrtqwo+pjijwxk7hbec/womv0x8dnlpze9kqkbyazsas4ltljoagbcu6qn4g6mmlayzagtccnzdupgzwh5fvipuhxlvlfzil6vlrawafo2wdgtuqc81kak6ytwwa68n85kydjk2dzlwp9g5vllwyvbdxiwdj5nnb3g9xpoplrmwy5sphlw3dt5ki+vgapj58o8woqynw1o4gvz8btoxge/urvap9dhgz5iuakjfe2cnlpsvyzqaik/hfz2rig75fzpelmyqavcdqb4gqiqsxxy0ixgg11un2kfuehxtwifcshyejsgm6t4daspxcaagmnml7zbhj8tyn6tjhi2opx6yhxkrnxvvtassvxssatfwwqdmh8t7nxp0y0cncnvxxdzxvdcyokfvdao8aiv8e4xs48ojfkpdlo3mu3f9lp1nowqws3g+ug9fhpga9ekfw0tr0gtsyioxsysl5qqlpkebioixwwtio/xzpyy7ejma2k0y6jstrbycrs9roved273w6+jgpkftf5gulzqsz+i91nepgqls5lhnxeawyz5zn834vrep4nwaap0/wqzifjggaaaabjru5erkjggg=="
www.lightreading.com,https://img.lightreading.com/lightreading/lr-red_white_logo.png,https://img.lightreading.com/lightreading/favicon.ico
mygrande.com,/images/grande-logo-website.png,/favicon.ico
www.artisteer.com,media/p4/newdesign/logo_artisteer.png,/media/p4/images/favicon.ico
www.mainstreethost.com,https://cdn.mainstreethost.com/wp-content/themes/bones/library/images/logo-text-only.svg,https://cdn.mainstreethost.com/wp-content/themes/bones/library/images/apple-touch-icon.png
en-us,,https://dg5n1q2m88h6j.cloudfront.net/assets/version/2021-02-08_10-01_assets/img/favicon.ico
cmo-by-adobe.html,,/icons/adobe.svg
www.vat19.com,//images.vat19.com/branding/vat19-logo-tag.png,favicon.ico?v=2
nl,/content/dam/www-telenet-be/img/generic/logos%20&%20trademarks%20for%20content/ogimage/telenet_headerlogo.svg,/etc/designs/telenet-be/media/icons/apple-touch-icon.png
appnn,,/assets-appadvice/appadvice/apple-touch-icon-152x152-e09ba8eec829f580a536248b3db30cf7c74f8a4b57e1c51cb9596879d5a35fee.png
www.sorensonvrs.com:443,https://www.sorensonvrs.com/assets/images/svrsv2/logo_sorensonrelay.png,
www.voipreview.org,/sites/voipreview.org/themes/voipreview/images/voipreview_logo.png,https://www.voipreview.org/sites/voipreview.org/themes/voipreview/favicon.ico
cx.rightnow.com,,/ci/browsersearch/desc/https%3a%2f%2fcx.rightnow.com%2fapp%2fanswers%2flist%2fkw%2f%7bsearchterms%7d/support+home+page+search/support+home+page+search/%2feuf%2fassets%2fimages%2ficons%2ffavicon_browsersearchplugin.ico
www.osiaffiliate.com,homepage/images/logos/logo.png,homepage/images/logos/favicons/apple-touch-icon-57x57.png
www.website.ws,/newnav/images/main-logo.png,/favicon.ico
www.dialogic.com,/-/media/promos/homepage/enghouse_logo.png?h=80&la=en,/favicon.ico
galeon.com,,https://galeon.com/wp-content/uploads/2019/11/favicon-32x32.png
www.qwestoffice.net,cl_logo_small.jpg,
www.excite.co.jp,,//image.excite.co.jp/jp/appleicon/web/excite/apple-touch-icon.png
home-internet,/content/dam/viasat/us/en/footer/logo.svg,/etc.clientlibs/viasat/clientlibs/clientlib-dependencies/resources/icon-192x192.png
etoncorp.com,//cdn.shopify.com/s/files/1/2407/2229/files/eton_logo_mobile_410x.png?v=1507163745,
www.sierrawireless.com,/-/media/iot/logo/sw-logo-h.ashx?h=50&iar=0&w=237&hash=a78b6becde95a5eed6afd32aa45e4a46,/iot/images/favicon.ico
whatismyipaddress.com,https://whatismyipaddress.com/wp-content/themes/wipa-bb-child/src/images/main-logo.png,
www.webimax.com,https://www.webimax.com/hs-fs/hubfs/logo-webimax-notag-white.png?width=175&name=logo-webimax-notag-white.png,https://www.webimax.com/hubfs/favicon-webimax.png
www.eukhost.com,,https://www.eukhost.com/favicon/apple-icon-57x57.png
www.publicrecords.com,,
us,http://www.startec.com/us/sites/default/files/logo-startec.png,http://www.startec.com/us/sites/default/files/startec_favicon.png
www.dxengineering.com,,
www.dotster.com,/static/cs/img/dotster/logo.svg,/favicon.ico
5linx.com,https://5linx.com/wp-content/themes/5linx-2018/imgs/5linx-logo-white.svg,https://5linx.com/wp-includes/css/dashicons.min.css
www.limestonenetworks.com,//limestonenetworks.com/templates/lsnsolutions/images/logo-small.png,"/min/?b=templates/lsnsolutions/css&f=bootstrap.css,ekko-lightbox.min.css,megamenu.css,bootstrap-slider.css,flag-icon.min.css,main.css,solutions-index.css"
www.tapjoy.com,,https://www.tapjoy.com/wp-includes/css/dashicons.min.css?ver=49ad70aee26865f4abf176ad777b7c04
www.gazeta.ru,https://static.gazeta.ru/nm2015/i/logo_gazeta.svg,//static.gazeta.ru/nm2012/i/favicon.ico
www.tones7.com,https://www.tones7.com/images/mobile_logo_big.png,/favicon.ico
www.viaero.com,https://www.viaero.com/images/default-source/viaero/viaero-logo3609e0925fa06ab09c57ff07008bad5b.png?sfvrsn=0,/favicon.ico
default.asp,https://www.paypalobjects.com/webstatic/mktg/logo/pp_cc_mark_37x23.jpg,
www.50megs.com,/fs_img/50megs/images/logo.gif,http://50megs.com/favicon.ico
howlifeworks.com,https://howlifeworks.com/wp-content/uploads/2019/11/howlifeworks-logo.png,
www.echostar.com,/~/media/images/echostar/echostar4logo.ashx?h=35&la=en&w=150,/css/foundation-icons/foundation-icons.css
www.seo.com,https://www.seo.com/wp-content/uploads/logo-mary-kay.png,https://www.seo.com/wp-includes/css/dashicons.min.css?ver=5.6.1
personal.html,/etc/designs/starhub/clientlibs/revamp/img/sh-logo.svg,/etc/designs/starhub/en/favicon.ico
turnkeyinternet.net,/images/tklogo.png,/images/favicon1.png
www.brainhost.com,/brainhost_logo.png,https://www.brainhost.com/wp-content/uploads/2017/01/favicon.ico
www.site24x7.com,//img.site24x7static.com/images/site24x7-logo.svg,//img.site24x7static.com/images/site24x7-fav.ico?p=feb_16_2021_2
www.morningprint.com,/image/common/logos_2020.jpg?v=20210217,https://www.morningprint.com/images/morningprint_icon-57x57.png
www.sitepal.com,https://www.sitepal.com/images/frontend/logo.png,
www.cmswire.com,,
www.coveroo.com,https://d54ha93qrghds.cloudfront.net/category/licensorlogo/ncaa.png,
www.localnet.com,/assets/images/logo.png,/assets/images/favicon.ico
www.voki.com,,
bamboosolutions.com,https://bamboosolutions.com/wp-content/uploads/2021/02/bamboospxlogo-color-lightbg_v3.svg,https://bamboosolutions.com/wp-includes/css/dashicons.min.css?ver=5.6.1
www.hotspotsystem.com,https://www.hotspotsystem.com/hotsyswp/wp-content/themes/hotspot/images/logo_newconcept.png,/favicon.ico?v=1
www.talkfusion.com:443,/images/home/logos_norewegiancruise.png,/favicon.ico
www.lasestrellas.tv,,/favicon.ico
4t.com,/assets/images/white-logo.png,/assets/favicon/apple-touch-icon.png
www.cheetahdigital.com,/sites/default/files/cheetah_digital_logo_header-1.png,/sites/default/files/favicon.ico
www.superb.net,/images2/main/logo.png,/favicon.ico
uverse-tv,/uverse-tv/sites/g/files/jueztd606/files/inline-images/uverse%20ppv%20logo-black_2.png,/uverse-tv/sites/g/files/jueztd606/files/favicon_0.ico
www.telestial.com,/images/layout/logo.svg,/xfavicon-196x196.png.pagespeed.ic.uqofcibzq8.png
www.comcastbiz.net,,
www.wealthyaffiliate.com,https://cdn4.wealthyaffiliate.com/img/nichemarketing/home/home-header-wa-logo.png,https://cdn5.wealthyaffiliate.com/favicon-57x57.png
www.shopclues.com,//images.shopclues.com/images/ui/shopclues_logo@2x.png,
www.tapatalk.com,https://groups.tapatalk-cdn.com/web/logo.png,/images/favicon.ico
www.trafficwave.net,/webincludes/2016/images/trwv-light-logo.png,/webincludes/2016/ico/apple-touch-icon-144-precomposed.png
www.atwebpages.com,,
www.wpromote.com,https://www.wpromote.com/wp-content/uploads/2020/04/zenni_logo.svg,
pragmaticworks.com,https://i1.wp.com/pragmaticworks.com/wp-content/uploads/2020/08/pw-logo-white.png?fit=300%2c150&ssl=1,https://c0.wp.com/c/5.6.1/wp-includes/css/dashicons.min.css
www.highspeedinternet.com,https://www.highspeedinternet.com/app/uploads/2018/11/verizon-ar-center-color-logo-300x188.png,https://www.highspeedinternet.com/app/uploads/2019/01/cropped-hsi-icon-5-32x32.png
www.angelfire.lycos.com,https://ly.lygo.net/af/images/cc_logo.gif,https://ly.lygo.net/af/i/favicon.ico
www.trustedreviews.com,https://www.trustedreviews.com/wp-content/uploads/sites/54/2019/08/trusted-reviews-logo-white-320x91.png,https://www.trustedreviews.com/wp-content/uploads/sites/54/2017/07/cropped-trusted-reviews-icon-3-32x32.png
www.bicsi.org,,
www.doteasy.com,,/favicon.ico?20210210a
balsamiq.com,,/assets/favicon/apple-touch-icon.png
email-lookup-search,/content/ps/img/shared/logo/peoplesmart.png?v=00,https://www.peoplesmart.com/content/ps/img/shared/logo/apple-icon-60x60.png
appsgeyser.com,,/apple-touch-icon.png?v=m2l9pbkm4l
adgooroo,https://www.adthena.com/wp-content/themes/adthena/dist/img/adthena-logo.svg,
home.aspx,https://www.aflglobal.com/productionfiles/images/afl-logo.png,https://www.aflglobal.com/graphics/favicon.ico
www.advantech.com,https://www.advantech.com/css/css-img/advantech-logo-notagl.svg,/favicon.ico
www.conversocial.com,https://www.conversocial.com/hs-fs/hubfs/customer_logos_colours_2020-01.png?width=334&height=118&name=customer_logos_colours_2020-01.png,https://www.conversocial.com/hs-fs/hub/154001/hub_generated/module_assets/34845329270/1611610194511/module_34845329270_listed_callouts_with_icons.min.css
www.mooo.com,,
www.101domain.com,https://www.101domain.com/images/101domain/101domain-logo.svg,https://www.101domain.com/images/101domain/favicon/apple-touch-icon.png?20210212111800
www.windstream.net,,https://static.garnet.synacor.com/assets/site_config/windstream-gen4/assets/en_us/gen4/shared/images/icons/favicon.ico
www.mojo-themes.com,http://static3.mojo-themes.com/wp-content/themes/mojothemes/_assets/images/logo.png,http://www.mojo-themes.com/favicon.ico
home,,
news.wirefly.com,/sites/news.wirefly.com/themes/phonedog/images/logo.png,https://news.wirefly.com/sites/news.wirefly.com/themes/phonedog/favicon.ico
www.leadbolt.com,https://d8fj70cz9kmyh.cloudfront.net/wp-content/uploads/2014/06/logo11.png,https://d8fj70cz9kmyh.cloudfront.net/favicon.ico
auth,/application/modules/mail/views/scripts/mail/images/logos/spectrum-logo.svg?v=2.13.0_28,/application/modules/mail/views/scripts/mail/css/sb-icons.css?v=2.13.0_28
cordlessworkz.com,themes/migration-1-1/images/layout/headerlogo.gif,
www.tiptopwebsite.com,img/logo.png,https://www.tiptopwebsite.com/images/favicon.ico
www.technobuffalo.com,,https://www.technobuffalo.com/sites/technobuffalo.com/files/images/icons/apple-touch-57x57.png
www.connectify.me,/wp-content/uploads/connectify-topbar-logo04.png,https://www.connectify.me/wp-content/plugins/cornerstone/assets/dist/css/site/fa-icon-classes.css?ver=3.5.3
email-tools,https://www.shopperapproved.com/widgets/widgetfooter-darklogo.png,
www.dynadot.com,/tc/navbar-logo.png,
www.techwyse.com,,https://cdn-bclkb.nitrocdn.com/fispvbjtahbnrlskqkeexpmgqlszitct/assets/static/optimized/rev-cbda0e9/tw-icon-192.png
us.com,,
latino.dish.com,https://sc.dish.com/shared/images/station-logos/unvsn.png,
account.dyn.com,,
www.t-mobile.pl,,/c/webfiles/1605681238000/images/favicon.ico
www.prankdial.com,,
www.ctia.org,,/favicons/safari-pinned-tab.svg
business,/-/media/images/akcs_global/akcs-logo-expect-more.png?h=104&la=en&w=210&hash=dd253cc12804883d43be917408efb0657dc2f4be,/assets/acs/images/favicon.ico
www.idnes.cz,,//1gr.cz/u/favicon/idnes.ico
avispl.com,https://4e3ycx2nmvsh66fyw1gejas1-wpengine.netdna-ssl.com/wp-content/uploads/2020/06/bdc_business_development_bank_of_canada_logo-720px.png,https://4e3ycx2nmvsh66fyw1gejas1-wpengine.netdna-ssl.com/wp-includes/css/dashicons.min.css?ver=5.6
www.pennytalk.com,,https://dnp2yarqun8ek.cloudfront.net/content/images/favicon.ico
www.360cities.net,/redesign_2014_images/ui/navbar_logo.png,/favicon.png
www.thesslstore.com,/content/images/sslstore-logo-0.svg,/images/favicon.ico
www.atlanticbt.com,,https://www.atlanticbt.com/content/themes/atlanticbt/assets/img/favicons/apple-touch-icon.png
www.ibexa.co:443,/assets/images/ibexa_logo.svg,/apple-touch-icon.png
www.sync2.com,/content/images/svg/sync2-logo.svg,/apple-touch-icon.png
www.boxwave.com,,
luxsci.com,https://djrufvackyewl.cloudfront.net/s3/2018/luxsci-name-logo-26-light.png,/apple-touch-icon.png?v=pgebe6qxx4
www.hamradiolicenseexam.com,/images/ham-test-online-logo.png,
www.pixelcrayons.com,https://www.pixelcrayons.com/common/img/logo.png,https://www.pixelcrayons.com/common/images/favicon.ico
www.startlogic.com,,https://secure.startlogic.com/images/icons/favicons/favicons_sl.ico
www.codecademy.com:443,,https://www.codecademy.com/favicon.ico
www.zamzar.com,/images/zamzar-logo.png,/favicon.ico
www.jsu.edu,http://www.jsu.edu/_common/_redesign/_files/images/logo/logo.png,//www.jsu.edu/_common/_files/images/favicon.ico
www.appnovation.com,/themes/custom/appnovation/assets/images/logos/appnovation_wordmark_simple.svg,/themes/custom/appnovation/favicon.ico
www.tut.by,https://tutby.gcdn.co/n/it/kartinki_logo/0b/8/davlenie_title_logo_1x_rus.png,https://www.tut.by/favicon.svg
login.aspx,,/favicon.ico
www.hotspotshield.com,/imgs/hotspot-shield-logo.1.0.0.svg,/favicon.ico
www.rambler.ru,,/favicon/apple-touch-icon-57x57.png
www.websitetoolbox.com,https://cdn.websitetoolbox.com/images/logos/wt_logo_blue.svg,https://cdn.websitetoolbox.com/images/favicon/apple-touch-icon.png
www.ucoz.ru,,/favicon1.ico
www.hover.com,/packs/src/application/images/common/hv-logo-2020-e535dce1f67e9a648643e23cac750002.svg,/apple-touch-icon-57x57.png
www.highervisibility.com,https://www.highervisibility.com/wp-content/themes/highervisibility_new/img/header-logo.png,
fortumo.com,,/favicon.ico
www.hellofax.com,https://assets-global.website-files.com/5d8276a79ed2c0d135ef444b/5e2f7a28ff293b0f5a039797_hellofax_logo_strip.png,https://assets-global.website-files.com/5d8276a79ed2c0d135ef444b/5e3e01f03cde64593749aaa0_hellofax-fav.ico
en,https://www.shopgate.com/wp-content/uploads/2019/01/logo_engage.svg,https://www.shopgate.com/wp-content/themes/shopgate/images/shopgate-favicon.png?v=2
www.differencebetween.net,http://cdn.differencebetween.net/wp-content/themes/mimbo/images/logo.jpg,http://cdn.differencebetween.net/wp-content/themes/mimbo/images/favicon.ico
www.ipevo.com,/assets/v2/us/images/ipevo-logo.svg?20210209012236,/assets/v2/us/images/favicon.ico?20210209012236
www.magicjack.com,../img/magicjack-logo17.jpg,
www.scosche.com,https://www.scosche.com/media/logo/stores/1/websitelogo_black.png,https://www.scosche.com/media/favicon/default/scologo.png
smartphone-experience,/images/system/logo-dark.png,/images/system/favicon.ico
www.mongoosemetrics.com,,/favicon.ico
toucharcade.com,styles/toucharcade/toucharcade/logo.png,styles/toucharcade/toucharcade/icons/fontello.css
www.smarsh.com,https://www.smarsh.com//media/smarsh-logo-new.svg,https://www.smarsh.com/wp-content/plugins/fresh-framework///framework/extern/iconfonts/ff-font-awesome4/ff-font-awesome4.css?ver=24332176d49fc142120122b2a3b223c7
www.emarketer.com,,https://contentp13n-nax2.emarketer.com/static/assets/images/favicon.ico
www.goo.ne.jp,https://www.xgoo.jp/top2018/public/img/gh_logo.svg,https://www.xgoo.jp/top2018/public/img/favicon.ico
home,,images/favicon.ico?crc=354278648
www.irise.com,https://images.squarespace-cdn.com/content/v1/572c0e6e356fb09fb120d87b/1465257153951-c25o1b68ftj11ky6ldz6/ke17zwdgbtoddi8pdm48kp1hhyo8pn8k8m1lpyyppejlfismxz2ynbs8ylwajx2qrclsiwaqvdc7iwmc9hntrqmfgziqznhmkcnyvj4ugsd4wondeabvn-etfygvc5iq_cac-d9tvrwxm9cjxzaxbw/logo-att.png,https://images.squarespace-cdn.com/content/v1/572c0e6e356fb09fb120d87b/1465584010872-f06qeo7jgptxj7gf1qzv/ke17zwdgbtoddi8pdm48kfhwzgsh27zaa1xr1zk0wg-ocxesvxnteqmg4uwosdiceaohiyroc52gmn5_2h8wpynrw_uja9r0omeg_fstnpsougrz9ip75ib1opn-1bw3zvc9f4ipldtpeqqvvwr8_g/favicon.ico
www.link-assistant.com,,https://cdn1.link-assistant.com/themes/basic/images/favicon.ico
answernet.com,images2013/homepage-logo-bot.png,images2013/favicon.ico
www.openxcell.com,https://www.openxcell.com/wp-content/uploads/2020/02/openxcell-logo.svg,https://www.openxcell.com/apple-touch-icon-57x57.png
www.cellhut.com,https://www.cellhut.com/app_themes/default/images/cellhut_logo.png,https://www.cellhut.com/cellhut.ico
wirelesszone.com,https://wirelesszone.com/wp-content/uploads/2017/02/wireless_zone_logodisc.png,https://wirelesszone.com/wp-includes/css/dashicons.min.css?ver=5.6
www.biglobe.ne.jp,,https://www.biglobe.ne.jp/i/icon/favicon.ico
www.brinkster.net,,
www.searchbug.com,/img/logo.png,/images/ico/apple-icon-57x57.png
www.pku.edu.cn,,/favicon.ico
allwebcodesign.com,,
www.brafton.com,https://www.brafton.com/wp-content/themes/brafton2016/library/images/logo_full.svg,https://www.brafton.com/wp-content/themes/brafton2016/favicon.png
www.jobvertise.com,https://seal-chicago.bbb.org/logo/ruhzbum/jobvertise-88257852.png,apple/touch-icon-iphone-60x60.png
www.101phones.com,/content/images/101phones/homepage/v8/polycom_new_logo.jpg,favicon.ico
www.atmail.com,https://www.atmail.com/wp-content/uploads/2019/07/atmail_logo.png,https://www.atmail.com/wp-content/uploads/2019/06/atmail-favicon-blue-150x150.png
www.uservoice.com,https://uploads-ssl.webflow.com/5ed5286adfb865fb07366f7b/5ed5286adfb8657d8b366f84_uservoice-logo-web.svg,https://uploads-ssl.webflow.com/5ed5286adfb865fb07366f7b/5ed5286adfb865bec4366fd4_favicon-32x32.png
www.pchome.com.tw,,/favicon.ico?v=1.0
www.tigo.com.gt,/themes/custom/selfcare_redix/logo.svg,
onebox,/images/default-source/logos/erecep-logo.jpg,/favicon.ico
us,,
www.vocalcom.com,https://www.vocalcom.com/wp-content/uploads/2020/10/logo-vocalcom.svg,https://www.vocalcom.com/wp-content/themes/yagami-adveris/web/src/img/favicon/apple-touch-icon.png
?redirected=true,/globalassets/logos/stahl/stahl-color.svg?width=75&bgcolor=white,/static/images/favicon/apple-touch-icon-57x57.png
www.ocn.ne.jp,https://www.xgoo.jp/top2018/public/ocn_assets/pc/img/logo_nttcommunications_001.png,
ducttapemarketing.com,https://149350408.v2.pressablecdn.com/wp-content/uploads/2018/02/duct-tape-marketing-logo.png,
?p=xa,,https://s.yimg.com/cv/apiv2/default/icons/favicon_y19_32x32_custom.svg
zuhauseplus.vodafone.de,,/static/img/favicon.ico?177817036f8
www.wordtracker.com,,
shop-pro.jp,https://static-www.shop-pro.jp/img/top/logo_saisonfactory.png,img/common/favicon.ico?20200318
www.getapp.com,/i/getapp-logo-anniversary-black.svg,/apple-touch-icon.png
training,,/-/media/project/global/favicon-training.png
www.kunocreative.com,https://www.kunocreative.com/hubfs/2018/images/kunologo_footern-1.svg?t=1527647019191,https://www.kunocreative.com/hs-fs/hub/32387/file-8205671-ico/favicon.ico
www.clickworker.com,https://d2v95urbopcvz7.cloudfront.net/wp-content/themes/clickworkerv7/assets-dist/img/logo/logo.png,https://cdn.clickworker.com/favicon.ico.gzip
www.cardosystems.com,https://www.cardosystems.com/wp-content/themes/cardo/assets/img/header-logo.svg,https://www.cardosystems.com/wp-content/themes/cardo/assets/img/favicon/apple-icon-57x57.png
www.onesimcard.com,/images/onesimcard_international_sim_web_logo.svg,/favicon.ico
www.siemon.com,/resourcepackages/siemon/assets/dist/images/template/logo-2x.png,/resourcepackages/siemon/assets/dist/images/favicon/apple-touch-icon.png
peerfly.com,/new/static/img/peerfly-logo.png,https://peerfly.com/img/ico/favicon.ico
www.oxygenxml.com,/img/oxygen_logo.png,/favicon.ico
mail.ru,//limg.imgsmail.ru/splash/v/i/logo_2018-fp-2c405036fe.png,//limg.imgsmail.ru/splash/v/i/favicon-fp-5297110e39.ico
www.infinera.com,/wp-content/uploads/logo-header.png,
www.webspawner.com,https://www.webspawner.com/images/public/wsp/logo-webspawner.png,/images/public/wsp/favicon.ico
wowslider.com,,favicon.ico
blog,,
www.voodoo.com,,
www.padandquill.com,https://www.padandquill.com/pub/media/logo/stores/1/logo.png,https://www.padandquill.com/pub/static/version1600464976/frontend/padandquill/paq/en_us/fonts/luma-icons.woff2
www.indianic.com,assets/images/indianic-black-logo.svg,https://d1i2cp4a5c819e.cloudfront.net/wp-content/uploads/2016/10/favicon.ico
www.mailinator.com,img/logo1.png,img/favicon.ico
www.dsstyles.com,//cdn.shopify.com/s/files/1/2713/6976/t/3/assets/logo.png?v=14259833926395484783,//cdn.shopify.com/s/files/1/2713/6976/t/3/assets/favicon.png?v=15105866754329731094
www.gelaskins.com,,//cdn.shopify.com/s/files/1/1214/8062/files/gelaskins_icon_32x32.png?v=1535391833
www.boostability.com,https://www.boostability.com/wp-content/uploads/2020/07/footer-logo.svg,https://cdnjs.cloudflare.com/ajax/libs/material-design-iconic-font/2.2.0/css/material-design-iconic-font.min.css?ver=1.0.0
www.i9sports.com,,/static/favicon/favicon.ico
www.keku.com,,/favicon.ico
ahrefs.com,https://static.ahrefs.com/static/assets/static/logos-2e77a94b01bcf2534dd5d53b226a18a3.png,https://static.ahrefs.com/favicon.ico?v=2
www.eurodns.com,/assets/images/logos-companies/eurodns-logo-white.svg,/assets/images/favicon.ico
www.x10.com,https://www.x10.com/skin/frontend/ultimo/x10/images/logo.jpg,https://www.x10.com/media/favicon/default/favicon.ico
en,,
www.mynewsletterbuilder.com,,mnb/favicon.ico
wildblue,/content/dam/viasat/us/en/footer/logo.svg,/etc.clientlibs/viasat/clientlibs/clientlib-dependencies/resources/icon-192x192.png
www.wilsonelectronics.com,https://cdn2.hubspot.net/hubfs/1886759/_web/_weboost/logos/wilsonelectronics-logo.svg,https://fonts.googleapis.com/icon?family=material+icons
www.edmundsgovtech.com,https://www.edmundsgovtech.com/wp-content/uploads/2019/04/eg.logo_.rgb_color_190409.png,https://www.edmundsgovtech.com/wp-content/themes/edmunds/images/favicon.png
lolipop.jp,/img/default/home/lolipop-logo.svg,https://lolipop.jp/img/common/favicon/apple-touch-icon.png
freedomsoft.com,https://freedomsoft.com/wp-content/uploads/2016/03/freedomsoft-logo_v01.gif,https://freedomsoft.com/wp-content/plugins/elementor/assets/lib/eicons/css/elementor-icons.min.css?ver=5.7.0
dnsmadeeasy.com,/assets/images/speed-logo.png,
en-us,https://cdn2.hubspot.net/hubfs/302335/logo-sungard-availability-services.svg,https://www.sungardas.com/hubfs/favicon-32x32.webp
www.hostpapa.com,/themes/hostpapav5/img/logo_hostpapa.png,/themes/hostpapav5/favicon/apple-touch-icon-57x57.png
fax,/images/default-source/gdpr/fax_logo.png?sfvrsn=6c2e668c_2,
www.brightlocal.com,https://brightlocal-corp-assets.s3.amazonaws.com/2019/04/brightlocal_logo.svg,/apple-touch-icon.png?v=lk9merl6rx
home,/image/company_logo?img_id=4585436&t=1611730202869,https://www.telefonica.com/telefonica-theme/images/favicon.ico
www.contactology.com,hs-fs/hubfs/campaigner-ctgy--logo.jpg%3ft=1538761084801&width=220&name=campaigner-ctgy--logo.jpg,hs-fs/hub/384191/file-1098044219-png/images/olo-favicon.png%3ft=1538761084801
www.kozzi.com,https://www.kozzi.com/wp-content/uploads/2021/01/kozzi-logo-black-280x96-1.png,https://www.kozzi.com/wp-content/uploads/2020/03/kozzi-favicon.gif
home,https://cf-media.cellebrite.com/wp-content/themes/cellebrite/assets/images/cellebrite-logo-light.svg,https://cf-media.cellebrite.com/wp-content/themes/cellebrite/favicon.ico
www.offervault.com,/img/logo.png,/favicon.png
www.onetouch.com,/sites/onetouch_us/files/2020-09/onetouch-logo.png,/profiles/custom/onetouch_profile/themes/onetouch_base_theme/favicon.ico
www.websitepulse.com,/images/logo-ww.png,/favicon-32x32.png
www.gosquared.com:443,https://static.gosquared.com/images/customers/logos_mix_01.png,//static.gosquared.com/images/icons/tab-icon.svg
www.gmx.es,,https://s.uicdn.com/mailint/9.1628.0/assets/favicon_gmxcom.ico
www.ocnk.net,,https://www.ocnk.net/apple-touch-icon.png
client.ic.cz,/templates/webhoster2/assets/images/logo.png,/templates/webhoster2/favicon.ico
www.slickwraps.com,https://www.slickwraps.com/media/wysiwyg/sw_logo_all_caps.svg,https://www.slickwraps.com/media/favicon/default/favicon-96x96_2.png
pingo.com,https://pingo.com/images/logo.svg,/images/favicons/apple-touch-icon.png
zingnews.vn,https://static-znews.zadn.vn/images/logo-zing-home.svg,https://static-znews.zadn.vn/favicon/v001/app_57x57.png
stackideas.com,,https://stackideas.cachefly.net/templates/delta/favicon.ico
cyberchimps.com,https://cdn.cyberchimps.com/wp-content/uploads/2019/08/cc-responsive-wp-theme-logo.png,https://cdn.cyberchimps.com/wp-includes/css/dashicons.min.css?ver=5.6.1
www.ntirety.com,https://www.ntirety.com/wp-content/uploads/2019/06/home-platform__item-logo.png,https://www.ntirety.com/wp-content/themes/ntirety/dist/icons/favicon.ico
www.listbox.com,lb-logo.png,favicon.ico
handhelditems.com,,
www.baydin.com,img/new-york-times-logo.jpg,
en-gb,https://cts.co/hs-fs/hubfs/cts%202020/cts%20logo.png?width=69&name=cts%20logo.png,
103.251.247.238,mikrotik_logo.png,/favicon.png
www.studyabroad.com,https://www.studyabroad.com/sites/all/themes/sab_bootstrap/images/sab-logo.png,https://www.studyabroad.com/misc/favicon.ico
www.mobileread.com,https://mobileread.cdn.speedyrails.net/i/mr/misc/logo.png,https://mobileread.cdn.speedyrails.net/i/favicon.ico
dataviz.com,,https://dataviz.com/wp-content/plugins/elementor/assets/lib/eicons/css/elementor-icons.min.css?ver=5.10.0
zix.com,/themes/custom/zixappriver/img/zix_logo.png,/themes/custom/zix/favicon.ico
www.pinpointe.com,https://www.pinpointe.com/wp-content/uploads/pinpointe-logo1.png,http://www.pinpointe.com/wp-content/uploads/favico-blue.gif
www.heliohost.org,,images/favicon.ico
www.whatclinic.com,,https://cdn.whatclinic.com/favicon.ico
www.northstate.net,https://www.northstate.net/wp-content/uploads/2020/05/ns-logos-02.svg,
etfdailynews.com,/img/etf-daily-news-logo.png,
www.flurry.com,https://s.yimg.com/oo/cms/products/flurry/themes/custom/flurry_theme/logo_3235a13fb.svg,https://s.yimg.com/oo/cms/products/flurry/themes/custom/flurry_theme/favicon_61bdb2381.ico
www.simplehelix.com,https://www.simplehelix.com/wp-content/uploads/2019/11/logo.png,https://www.simplehelix.com/wp-includes/css/dashicons.min.css?ver=5.5.3
www.whmcs.com,https://www.whmcs.com/assets/images/logos/whmcs-logo-sm-inverse.png,/apple-touch-icon.png
www.uk2.net,/static/ffc9f71ed5a6f3403e60d7032780cdcc/couk-domain-logo-white.svg,/favicon-32x32.png?v=5bb018d37994157b4484673290d1c5f6
www.sogosurvey.com,https://cdn.sogosurvey.com/wp-content/uploads/2018/03/sgs_logo.svg,https://cdn.sogosurvey.com/wp-content/uploads/2018/03/sogosurvey.ico
www.blurbpoint.com,,https://cdn-bajan.nitrocdn.com/anheohufvasffccentwamgpwwhczzzzd/assets/static/source/rev-2a59804/wp-content/uploads/2020/10/favicon.ico
thebigboss.org,/wp-content/themes/iphone-interface-bb/logo.png,/favicon.ico
www.weaknees.com,,/favicon.ico
www.portent.com,https://www.portent.com/wp-content/themes/portent_portent/assets/images/logo.svg,https://www.portent.com/images/2018/11/favicon.png
www.powweb.com,,https://secure.powweb.com/images/icons/favicon_pow.ico
webhosting,https://assets.bravenet.com/braveuistatic/img/apps/www.bravenet.com/src/assets/img/home/bravenet_logo.png,//www.bravenet.com/favicon.ico
www.activecampaign.com:443,/site/assets/museum_of_science_and_industry_logo.svg.png,/themes/v2/image/favicons/favicon-180.png
www.pcb.com,/contentstore/mktgcontent/web2a/img/pcb-logo-2020.png,/portals/pcb2/favicon.ico
www.onlinephonestore.com,,
www.sudokuprofessor.com,https://www.sudokuprofessor.com/wp-content/uploads/2020/09/splogo-recolor-tiny-75.png,
www.voipsupply.com,https://www.voipsupply.com/skin/frontend/voipsupply/default/images/logo-top.png,https://www.voipsupply.com/skin/frontend/voipsupply/default/favicon.ico
www.4team.biz,/i/sync2_logo.png,/favicon.ico
rockettheme.com,,/favicon.png
matomo.org,https://img.matomo.org/spai/q_lossless+ret_img/https://static.matomo.org/wp-content/uploads/2020/03/matomo-logo-winner-mobile3.png,https://img.matomo.org/spai/q_lossless+ret_img/https://static.matomo.org/wp-content/uploads/2018/11/cropped-defaulticon-32x32.png
www.entireweb.com,,/apple-touch-icon.png
sphero.com,//cdn.shopify.com/s/files/1/0306/6419/6141/files/sphero-logo-main_140x_2x_bf7493de-3d9b-4691-96d1-266d672f8782_140x.png?v=1589907095,//cdn.shopify.com/s/files/1/0306/6419/6141/files/sphero_favicon_245addd3-2a24-4403-bf8a-9f55ddacd159_48x48.png?v=1584475987
www.bounteous.com,/public/static/258997fc68c905d35c2ff8e679c8d18f/b1497/coke-homepage-teaser-logo.png,/public/static/favicon-0d412dcf90815a41a1bb68bdf1960bf5.png
tether.com,,http://tether.com/wp-content/themes/tether%20wp%20theme%20v2/_media/images/branding/favicon/apple-touch-icon-57x57.png
13tv.co.il,,/wp-content/themes/reshet_tv/build/assets/fonts/icomoon/icomoon.woff
www.iana.org,,/_img/bookmark_icon.ico
www.qualityunit.com,/img/companies/logo-huawei.png,/favicon/apple-touch-icon-57x57.png
www.afternic.com,,/images/favicon.ico
